USER_ID,AGE,SEX
12346,68,female
12347,53,male
12348,53,male
12349,37,female
12350,47,female
12352,27,male
12353,8,female
12354,53,female
12355,26,female
12356,79,male
12357,16,male
12358,48,female
12359,8,female
12360,37,male
12361,32,female
12362,34,female
12363,33,male
12364,26,male
12365,56,female
12367,16,female
12370,71,male
12371,79,female
12372,35,female
12373,40,male
12374,72,female
12375,52,male
12377,39,male
12378,70,female
12379,52,female
12380,65,male
12381,20,female
12383,64,female
12384,49,female
12386,67,female
12388,45,female
12390,75,male
12391,73,female
12393,19,male
12394,30,female
12395,20,female
12397,19,male
12398,11,male
12399,38,female
12401,22,male
12402,47,male
12403,13,male
12405,78,female
12406,71,male
12407,57,female
12408,29,female
12409,22,female
12410,70,male
12412,30,female
12413,54,male
12414,42,male
12415,25,male
12417,22,male
12418,26,male
12420,70,female
12421,16,female
12422,65,male
12423,28,female
12424,54,female
12425,51,female
12426,9,female
12427,34,female
12428,10,male
12429,78,female
12430,53,female
12431,41,female
12432,68,female
12433,62,female
12434,55,female
12435,72,female
12436,56,male
12437,37,male
12438,42,male
12441,80,male
12442,61,male
12444,76,female
12445,28,female
12446,64,female
12447,54,female
12448,14,male
12449,60,female
12450,71,male
12451,51,male
12452,54,female
12453,56,female
12454,29,female
12455,9,female
12456,43,female
12457,45,male
12458,73,male
12461,10,male
12462,41,male
12463,36,male
12464,79,male
12465,33,male
12468,61,female
12471,76,female
12472,77,female
12473,48,female
12474,47,female
12475,36,female
12476,29,female
12477,49,male
12478,21,male
12479,79,male
12480,17,female
12481,17,male
12483,64,male
12484,38,female
12488,23,female
12489,60,female
12490,37,female
12491,19,male
12492,33,female
12493,46,female
12494,26,male
12497,12,male
12498,52,female
12500,13,female
12501,20,male
12502,58,male
12503,58,male
12504,38,female
12505,67,female
12506,66,female
12507,21,female
12508,34,female
12509,10,female
12510,36,male
12512,32,male
12513,49,female
12514,39,female
12515,27,female
12516,23,female
12517,43,female
12518,8,male
12519,47,female
12520,54,female
12521,39,female
12522,31,male
12523,58,female
12524,17,female
12526,37,female
12527,49,female
12528,19,female
12530,13,female
12531,23,male
12532,12,female
12534,49,female
12535,56,male
12536,40,male
12538,37,female
12539,18,male
12540,74,male
12541,70,female
12544,53,female
12545,17,male
12546,67,female
12547,48,male
12548,72,male
12550,57,male
12551,60,male
12552,70,female
12553,27,female
12556,80,female
12557,32,male
12558,28,male
12559,63,male
12560,38,male
12561,10,male
12562,41,male
12564,64,male
12565,60,male
12566,27,female
12567,35,female
12569,10,male
12571,27,male
12572,68,male
12573,56,male
12574,9,male
12576,70,female
12577,39,male
12578,12,female
12579,48,female
12580,21,female
12581,8,male
12582,71,female
12583,49,female
12584,48,male
12585,23,male
12586,77,female
12587,63,male
12588,76,male
12589,23,male
12590,22,female
12591,23,male
12592,9,male
12593,32,male
12594,22,male
12596,59,male
12597,74,female
12598,46,female
12599,53,male
12600,46,female
12601,61,male
12602,67,male
12603,52,female
12604,62,female
12605,52,female
12607,10,male
12609,34,male
12610,28,male
12611,28,female
12612,58,male
12613,46,female
12614,76,female
12615,69,male
12616,69,female
12617,24,female
12618,43,male
12619,70,male
12620,14,female
12621,47,female
12622,40,female
12623,20,female
12624,19,male
12625,33,female
12626,31,male
12627,51,female
12628,40,female
12630,59,female
12631,69,male
12633,19,male
12635,66,female
12637,48,female
12638,21,male
12639,39,female
12640,51,male
12641,29,male
12642,15,female
12643,79,male
12644,23,female
12645,28,female
12646,60,female
12647,53,female
12648,37,male
12649,9,female
12650,37,female
12651,62,female
12652,21,male
12653,25,male
12654,40,male
12656,61,female
12657,21,male
12658,66,female
12659,51,female
12660,57,female
12662,34,female
12664,18,male
12665,20,male
12666,53,female
12667,9,male
12668,45,male
12669,74,male
12670,22,female
12672,56,female
12673,13,female
12674,13,male
12676,30,male
12678,34,female
12679,59,male
12680,28,male
12681,41,female
12682,38,female
12683,59,female
12684,51,female
12685,49,female
12686,18,female
12688,57,male
12689,30,female
12690,52,female
12691,56,female
12693,47,male
12694,48,male
12695,64,male
12697,67,female
12700,20,female
12701,23,male
12702,34,female
12703,67,male
12704,21,female
12705,77,female
12707,16,female
12708,18,male
12709,70,female
12710,38,male
12712,60,female
12713,21,female
12714,8,male
12715,61,female
12716,19,male
12717,47,male
12718,39,female
12719,12,male
12720,73,female
12721,72,female
12722,70,female
12723,79,female
12724,13,male
12725,13,male
12726,39,female
12727,19,male
12728,55,female
12729,30,male
12731,68,male
12732,65,male
12733,37,female
12734,46,female
12735,60,female
12736,57,male
12738,66,female
12739,66,female
12740,38,male
12743,13,male
12744,72,male
12747,49,male
12748,47,female
12749,12,female
12750,80,male
12752,69,male
12753,26,male
12754,66,female
12755,31,female
12756,9,male
12757,36,female
12758,31,male
12759,54,male
12762,14,male
12763,78,male
12764,79,male
12766,73,female
12769,49,female
12770,55,male
12772,46,male
12775,50,male
12778,66,male
12779,51,male
12781,69,male
12782,18,female
12783,40,female
12784,68,male
12785,22,male
12787,29,male
12789,74,female
12790,51,male
12791,8,female
12792,67,female
12793,54,male
12794,60,male
12795,75,male
12797,48,female
12798,61,female
12802,53,female
12808,24,female
12809,20,female
12811,42,female
12812,59,female
12814,28,female
12815,50,male
12816,26,female
12817,34,male
12818,37,female
12820,74,female
12821,45,male
12822,24,female
12823,38,male
12824,34,female
12826,43,male
12827,64,male
12828,15,female
12829,48,female
12830,74,female
12831,22,female
12832,48,female
12833,11,female
12834,27,male
12836,62,male
12837,15,male
12838,75,male
12839,29,female
12840,73,female
12841,73,male
12842,51,female
12843,56,female
12844,58,male
12845,27,male
12847,10,female
12849,29,female
12851,24,male
12852,19,female
12853,8,male
12854,9,male
12855,62,male
12856,44,male
12857,78,female
12863,53,male
12864,13,female
12865,17,female
12866,77,female
12867,20,female
12868,78,female
12870,19,female
12871,12,male
12872,61,female
12873,53,female
12875,60,female
12876,56,female
12877,60,female
12878,32,male
12879,35,female
12881,37,male
12882,49,male
12883,25,female
12884,55,female
12885,69,male
12886,55,male
12888,73,male
12890,66,female
12891,45,female
12893,21,male
12895,47,male
12897,71,female
12901,55,female
12902,29,male
12904,23,male
12906,56,female
12908,42,male
12909,26,male
12910,71,male
12912,63,female
12913,15,female
12915,29,male
12916,45,female
12917,57,male
12919,23,female
12920,31,female
12921,68,female
12922,11,female
12923,11,male
12924,68,female
12925,8,male
12928,15,female
12929,14,female
12930,72,male
12931,19,female
12933,45,female
12935,74,female
12936,45,female
12937,77,female
12938,67,female
12939,16,female
12940,63,male
12942,29,male
12943,27,female
12944,30,male
12945,10,male
12947,14,male
12948,64,female
12949,57,male
12950,17,male
12951,50,male
12952,60,female
12953,54,male
12955,13,female
12956,69,female
12957,75,female
12962,67,female
12963,76,female
12965,36,female
12966,16,male
12967,40,male
12968,28,male
12970,30,male
12971,47,female
12974,42,female
12976,56,female
12977,19,male
12980,67,female
12981,16,male
12982,72,male
12984,41,male
12985,19,female
12987,80,male
12988,25,male
12989,28,male
12990,32,female
12991,78,female
12993,78,male
12994,39,female
12995,9,female
12997,60,female
12999,9,female
13000,44,male
13001,58,female
13002,66,male
13003,17,male
13004,48,female
13005,60,male
13006,76,female
13008,76,female
13011,32,male
13012,54,male
13013,16,male
13014,35,female
13015,53,female
13016,71,male
13017,18,female
13018,77,female
13021,62,male
13023,79,female
13026,42,female
13027,12,female
13028,34,male
13029,54,female
13030,31,male
13032,67,male
13033,14,female
13034,14,male
13035,37,male
13037,67,male
13038,58,female
13040,40,female
13043,44,female
13044,60,male
13045,44,male
13046,51,male
13047,58,female
13048,13,male
13049,76,female
13050,37,male
13052,42,female
13055,20,female
13058,67,female
13059,25,male
13060,37,female
13061,8,male
13062,33,female
13064,9,female
13065,78,male
13066,14,male
13067,62,male
13068,51,female
13069,57,male
13070,47,female
13072,41,female
13075,10,female
13077,59,male
13078,56,female
13079,25,female
13080,55,male
13081,79,male
13082,54,female
13083,76,female
13085,27,female
13089,43,female
13090,54,female
13091,73,male
13092,62,male
13093,66,male
13094,8,female
13095,38,male
13097,11,male
13098,15,female
13099,65,male
13101,37,male
13102,21,female
13103,72,female
13104,19,female
13106,29,male
13107,10,male
13108,55,female
13109,40,female
13110,13,female
13113,58,female
13115,30,female
13116,61,female
13117,20,male
13118,74,female
13120,63,female
13121,58,female
13122,22,female
13124,10,male
13126,76,male
13127,32,male
13130,13,female
13131,13,female
13132,60,male
13133,50,male
13134,17,male
13135,47,male
13136,69,male
13137,30,female
13138,72,male
13139,40,female
13140,70,female
13141,21,male
13142,30,male
13144,25,female
13145,71,male
13146,25,male
13147,66,female
13148,9,female
13149,30,male
13151,17,female
13153,72,female
13154,51,female
13155,32,male
13157,48,male
13158,13,female
13159,42,female
13160,13,female
13161,43,male
13162,32,female
13165,48,female
13166,76,female
13167,80,male
13168,80,male
13169,38,female
13170,48,male
13171,12,female
13173,55,female
13174,39,female
13176,11,female
13177,49,male
13178,54,female
13182,15,male
13183,64,female
13184,48,female
13185,34,male
13186,31,male
13187,69,female
13188,34,male
13189,43,female
13192,71,female
13193,66,female
13194,21,female
13196,11,female
13198,37,male
13199,23,male
13200,58,male
13203,76,male
13207,63,female
13208,44,female
13209,29,male
13210,18,male
13211,34,female
13212,48,male
13213,29,female
13216,12,female
13217,58,male
13218,72,male
13220,13,female
13221,18,female
13223,68,male
13224,75,female
13225,77,male
13226,44,male
13227,16,female
13228,40,male
13229,35,male
13230,27,male
13232,59,female
13233,54,male
13235,77,male
13236,45,male
13238,22,male
13239,43,male
13240,30,male
13242,55,female
13243,75,male
13244,45,female
13245,76,male
13246,31,female
13247,73,male
13248,37,male
13249,68,male
13253,51,male
13255,30,male
13256,22,female
13258,72,female
13259,17,female
13260,10,female
13261,34,female
13262,68,female
13263,41,male
13265,26,male
13266,62,female
13267,73,female
13268,72,male
13269,11,male
13270,50,male
13271,56,male
13272,49,male
13273,37,male
13276,61,female
13277,37,female
13278,16,male
13279,80,female
13280,38,male
13282,59,female
13283,18,female
13284,27,female
13285,15,female
13291,62,male
13292,37,female
13294,39,male
13295,8,male
13296,66,male
13297,37,female
13298,33,female
13299,21,female
13300,19,female
13301,20,male
13302,54,female
13304,51,male
13305,22,male
13307,68,female
13308,58,male
13309,35,female
13310,53,male
13311,65,male
13313,54,female
13314,61,female
13316,39,female
13317,42,male
13318,55,male
13319,28,female
13320,15,male
13321,57,male
13322,9,male
13323,53,female
13324,13,male
13325,18,female
13327,71,male
13328,73,female
13329,15,male
13330,46,male
13332,29,male
13334,29,female
13336,24,male
13338,48,male
13339,13,male
13340,13,male
13341,53,male
13343,75,female
13344,53,female
13345,36,female
13347,39,male
13348,60,female
13349,34,male
13350,12,female
13351,30,male
13352,51,male
13354,37,male
13355,75,female
13356,24,female
13357,79,female
13358,64,male
13359,54,female
13362,30,female
13363,11,male
13364,62,female
13365,37,female
13366,23,male
13368,56,male
13369,45,female
13370,49,male
13372,65,female
13373,11,male
13375,73,male
13376,8,female
13379,19,male
13381,27,female
13382,47,male
13384,12,female
13385,78,male
13388,53,female
13389,68,male
13390,48,male
13391,24,male
13394,53,male
13395,9,female
13396,42,male
13397,79,male
13398,74,female
13402,9,male
13403,48,female
13404,21,male
13405,29,male
13408,35,male
13410,79,female
13411,79,male
13414,23,female
13416,70,female
13417,18,female
13418,32,male
13419,59,female
13420,72,female
13421,65,male
13422,17,male
13425,21,female
13426,78,female
13427,56,female
13428,45,female
13429,31,male
13430,9,female
13431,41,male
13434,41,female
13435,68,female
13436,80,female
13437,43,male
13439,44,male
13441,72,male
13447,50,female
13448,69,female
13449,55,male
13450,27,male
13451,14,male
13452,54,female
13453,34,male
13455,75,female
13456,65,female
13458,59,male
13460,57,female
13461,52,female
13462,73,female
13464,44,female
13466,69,female
13467,24,male
13468,48,male
13470,75,female
13471,64,female
13473,16,female
13474,30,male
13475,62,female
13476,56,male
13477,28,female
13479,64,female
13481,46,male
13482,63,female
13483,50,male
13484,26,female
13485,27,female
13486,44,female
13487,68,male
13488,30,male
13489,20,female
13491,15,female
13492,20,male
13493,54,male
13494,56,female
13495,74,female
13496,77,female
13497,78,male
13499,61,female
13500,18,male
13501,80,male
13502,45,female
13503,62,male
13504,33,female
13505,26,female
13506,12,female
13507,32,female
13508,27,male
13509,49,male
13510,23,male
13512,44,female
13513,45,female
13514,42,female
13515,73,male
13516,53,male
13517,39,female
13518,34,female
13519,77,male
13520,35,male
13521,42,female
13522,23,female
13523,60,male
13524,51,female
13525,31,male
13527,60,female
13529,79,female
13531,22,female
13532,10,female
13533,27,male
13534,17,female
13536,42,male
13538,70,male
13539,69,male
13544,33,female
13546,64,female
13548,54,male
13549,64,female
13551,80,female
13552,25,male
13555,57,female
13557,8,female
13558,18,female
13560,32,male
13561,10,female
13562,30,female
13563,50,female
13564,19,female
13565,29,female
13566,76,female
13568,76,male
13569,71,female
13570,80,male
13571,11,female
13572,68,male
13573,67,male
13575,13,male
13576,76,male
13577,30,female
13579,49,male
13581,39,female
13583,43,female
13584,33,male
13587,32,male
13588,78,male
13589,11,male
13590,57,male
13591,21,female
13592,14,female
13593,9,male
13594,73,female
13596,27,female
13598,29,female
13599,18,male
13600,76,male
13601,9,female
13602,72,female
13603,64,male
13606,55,male
13607,34,female
13610,29,male
13611,54,female
13614,21,male
13615,50,female
13617,67,male
13618,78,female
13621,45,male
13623,33,female
13626,34,male
13627,80,male
13629,31,male
13630,74,male
13631,32,female
13632,8,female
13634,35,male
13635,37,male
13636,41,male
13637,61,male
13638,73,male
13639,8,male
13642,37,male
13643,50,male
13644,71,male
13645,80,female
13647,40,female
13649,49,female
13650,17,female
13651,9,female
13652,46,male
13654,30,male
13655,32,female
13656,43,female
13657,61,female
13658,28,male
13659,37,female
13662,36,female
13663,61,male
13666,42,female
13667,28,female
13668,49,male
13669,72,male
13670,49,female
13672,18,male
13673,17,male
13675,23,male
13678,14,female
13680,31,female
13681,51,male
13682,40,female
13684,53,female
13685,78,male
13686,34,female
13689,54,male
13690,30,male
13692,61,female
13693,75,male
13694,17,female
13695,48,female
13697,28,female
13699,20,male
13700,24,male
13703,29,male
13704,58,male
13705,74,male
13706,17,female
13707,32,female
13708,16,female
13709,62,male
13710,17,female
13711,68,male
13712,46,female
13715,61,male
13716,20,female
13717,60,female
13718,21,female
13719,73,female
13720,39,female
13721,78,male
13722,27,male
13723,80,female
13725,54,male
13726,49,female
13727,66,female
13728,50,male
13730,36,male
13731,69,male
13732,52,male
13735,14,female
13736,51,female
13737,35,male
13739,79,male
13740,73,male
13741,29,male
13742,52,male
13743,25,female
13744,59,male
13745,21,female
13747,31,male
13748,16,male
13750,26,male
13751,79,male
13752,59,female
13753,23,female
13754,22,male
13755,28,female
13756,62,female
13758,9,female
13759,69,female
13760,54,female
13761,44,female
13762,33,male
13763,62,female
13764,56,female
13767,41,male
13769,61,male
13771,11,male
13772,14,male
13774,49,female
13777,51,male
13778,56,female
13780,75,male
13781,36,female
13782,72,female
13784,23,male
13786,10,female
13787,37,female
13790,42,female
13791,71,male
13792,56,female
13798,11,male
13799,76,female
13800,43,male
13801,31,female
13802,36,female
13803,29,female
13804,54,male
13805,52,female
13806,19,female
13807,26,female
13808,19,male
13809,78,male
13810,32,male
13811,55,male
13812,39,male
13813,78,female
13814,15,female
13815,60,female
13816,12,male
13817,21,female
13819,9,female
13821,43,male
13822,45,male
13823,48,female
13824,31,female
13826,36,male
13827,63,male
13828,15,male
13829,15,male
13831,59,male
13832,57,female
13833,40,male
13835,37,male
13837,8,female
13838,74,female
13841,35,female
13842,42,male
13844,54,female
13845,57,male
13846,15,female
13848,28,male
13849,79,male
13850,56,female
13851,42,male
13853,16,female
13854,76,female
13856,33,male
13858,45,female
13859,67,female
13860,14,male
13862,54,female
13863,67,female
13865,60,female
13866,35,female
13867,67,male
13868,25,female
13869,17,male
13870,20,female
13871,45,female
13873,51,female
13874,75,female
13875,73,male
13876,29,female
13877,8,female
13878,15,female
13880,36,female
13881,20,male
13882,19,female
13883,44,female
13884,16,male
13885,27,male
13886,57,female
13887,73,male
13888,62,female
13889,44,female
13890,27,male
13892,45,male
13893,57,female
13894,72,female
13895,38,female
13897,65,female
13898,54,female
13899,77,male
13900,19,female
13901,38,female
13904,77,female
13908,66,male
13911,30,male
13914,46,male
13917,8,male
13918,62,male
13919,23,male
13922,42,male
13923,75,female
13924,80,female
13925,28,female
13926,25,male
13927,60,male
13928,14,female
13929,44,male
13930,38,male
13931,67,male
13932,36,male
13933,78,female
13934,36,male
13936,48,female
13937,10,female
13938,76,male
13939,13,female
13940,12,female
13941,21,female
13946,21,male
13947,10,female
13948,73,male
13949,58,female
13950,27,male
13951,46,female
13952,48,male
13953,28,female
13954,21,male
13955,75,male
13956,35,male
13958,49,male
13959,61,male
13960,73,female
13962,15,male
13963,49,male
13967,8,male
13969,16,female
13971,51,female
13972,9,male
13973,49,female
13974,34,male
13975,11,female
13976,42,male
13978,41,female
13979,70,male
13980,60,female
13982,19,male
13983,11,female
13984,37,male
13985,38,male
13986,59,male
13988,75,female
13989,67,female
13990,47,female
13991,64,female
13992,51,male
13993,21,female
13994,65,female
13995,80,male
13999,9,female
14000,45,female
14001,39,female
14002,56,female
14004,18,male
14005,12,female
14006,78,male
14009,65,male
14012,19,male
14013,58,male
14014,54,male
14015,19,male
14016,58,male
14019,48,male
14020,67,male
14021,42,male
14022,65,male
14023,32,female
14024,78,male
14027,51,male
14029,66,female
14030,24,male
14031,12,female
14032,48,male
14034,19,male
14035,57,female
14036,50,male
14037,27,male
14038,55,male
14039,29,female
14040,28,male
14041,50,female
14044,9,female
14045,67,female
14046,48,female
14047,51,male
14048,71,male
14049,30,female
14050,8,female
14051,32,female
14052,71,female
14053,69,female
14054,21,female
14055,78,female
14056,51,male
14057,8,male
14059,65,female
14060,19,female
14062,20,female
14064,52,female
14066,60,male
14067,15,male
14068,32,female
14071,8,male
14073,54,male
14075,11,male
14076,66,male
14077,43,female
14078,72,female
14079,40,female
14080,68,male
14081,30,female
14082,23,female
14083,12,female
14085,35,female
14087,42,male
14088,47,male
14089,54,male
14090,42,female
14092,41,male
14093,45,female
14096,66,female
14098,16,male
14099,45,male
14100,72,male
14101,24,male
14102,40,male
14104,15,female
14105,39,male
14107,45,male
14108,33,female
14109,51,male
14110,15,female
14111,69,female
14112,55,male
14113,31,female
14114,50,male
14116,53,female
14117,38,female
14119,16,male
14121,57,female
14124,58,female
14125,31,female
14126,26,female
14127,62,male
14128,34,male
14129,80,female
14130,53,female
14132,53,male
14133,23,male
14135,60,female
14138,41,female
14139,45,male
14140,33,male
14141,69,male
14142,35,female
14143,43,male
14145,13,male
14146,63,female
14147,28,female
14148,61,male
14149,53,male
14150,42,female
14152,70,male
14154,35,female
14155,31,male
14156,79,male
14157,51,male
14158,54,female
14159,70,male
14161,41,male
14162,40,male
14163,72,female
14164,63,female
14165,40,male
14167,38,female
14171,30,male
14173,72,male
14174,49,female
14175,29,female
14176,18,female
14177,11,female
14178,80,female
14179,8,male
14180,41,male
14184,15,male
14185,21,male
14188,15,male
14189,46,female
14191,48,female
14193,45,male
14194,48,male
14195,42,male
14196,29,female
14198,10,female
14199,40,male
14201,41,female
14204,54,male
14205,53,male
14206,26,female
14208,66,male
14209,8,male
14210,40,male
14211,62,female
14212,21,female
14213,36,male
14214,56,male
14215,66,male
14216,28,female
14217,26,male
14218,52,male
14219,35,female
14220,39,male
14221,13,female
14222,10,male
14223,41,male
14224,15,male
14226,70,male
14227,13,male
14229,36,male
14231,73,male
14232,10,male
14233,38,male
14234,45,female
14235,70,female
14236,53,female
14237,72,male
14238,49,female
14239,33,male
14240,47,female
14241,15,female
14242,75,female
14243,69,female
14245,37,female
14246,28,female
14247,72,male
14248,14,male
14250,31,female
14251,73,female
14256,41,female
14257,75,male
14258,41,female
14259,53,male
14261,28,male
14262,48,female
14264,78,female
14265,50,male
14267,33,male
14270,75,male
14271,36,female
14272,70,male
14273,68,male
14276,41,male
14277,32,male
14280,73,female
14282,20,male
14284,29,female
14285,55,male
14286,77,female
14287,31,male
14288,66,male
14289,44,male
14290,73,female
14291,13,female
14292,36,male
14293,39,female
14295,68,female
14297,72,female
14298,9,female
14299,60,male
14300,70,female
14301,11,male
14304,50,male
14305,22,female
14306,19,female
14307,59,female
14309,33,female
14311,32,male
14312,16,female
14314,77,male
14315,42,female
14317,46,male
14320,78,female
14321,47,male
14323,56,male
14326,39,female
14327,55,male
14329,13,female
14331,12,female
14332,32,male
14333,25,female
14334,65,female
14335,12,female
14336,59,male
14338,30,male
14339,21,male
14340,43,female
14341,21,female
14342,50,female
14344,75,male
14345,17,male
14346,61,female
14348,58,male
14349,61,female
14350,58,male
14351,75,male
14352,52,male
14353,28,male
14354,16,female
14355,19,female
14356,52,female
14357,54,male
14359,41,male
14360,26,female
14362,41,female
14364,12,male
14367,53,male
14368,10,male
14371,43,female
14373,14,female
14375,48,female
14377,24,female
14379,32,male
14381,48,female
14382,42,male
14383,39,male
14385,27,female
14386,61,female
14387,48,male
14388,12,male
14389,29,male
14390,74,female
14393,62,female
14395,59,male
14396,71,female
14397,21,male
14400,40,male
14401,13,female
14403,9,male
14404,10,female
14406,62,female
14407,44,male
14408,15,male
14409,23,male
14410,46,female
14411,66,male
14412,18,male
14413,20,female
14414,44,female
14415,32,female
14416,80,female
14418,17,male
14419,14,male
14420,45,male
14421,45,male
14422,74,male
14423,48,female
14424,52,male
14426,29,male
14427,42,male
14428,43,female
14431,17,male
14432,17,male
14434,12,male
14436,72,male
14437,59,female
14438,75,female
14439,72,female
14440,20,female
14441,20,female
14442,23,male
14443,20,male
14446,49,male
14447,9,female
14448,46,male
14449,78,male
14450,37,female
14451,75,male
14452,51,male
14453,65,male
14456,66,male
14457,56,male
14459,40,female
14460,56,female
14461,38,male
14462,11,male
14463,37,female
14465,80,male
14466,71,female
14467,14,male
14470,44,female
14472,39,female
14473,51,male
14474,45,female
14475,20,female
14476,73,female
14477,27,male
14479,55,female
14480,52,female
14481,26,female
14482,18,female
14483,26,male
14484,80,female
14485,80,male
14487,29,female
14488,27,male
14489,32,male
14491,59,male
14493,52,male
14494,21,female
14495,10,female
14496,20,male
14497,35,male
14498,74,male
14499,19,female
14500,29,male
14501,71,female
14502,54,female
14503,76,male
14504,28,male
14505,78,male
14506,36,female
14507,27,female
14508,13,male
14511,22,female
14512,37,male
14513,66,male
14514,35,female
14515,39,male
14517,9,male
14518,24,female
14520,9,female
14522,17,female
14523,16,male
14524,8,female
14525,39,male
14527,45,male
14528,44,male
14529,8,female
14530,16,female
14532,78,female
14533,60,male
14534,58,male
14535,19,male
14536,30,male
14537,56,female
14538,56,male
14539,16,male
14540,28,female
14541,60,female
14542,58,female
14543,58,male
14544,8,female
14546,75,female
14547,59,female
14548,42,female
14549,62,male
14550,32,female
14551,79,female
14552,22,female
14553,59,female
14554,19,male
14555,74,male
14557,48,male
14560,40,female
14561,11,male
14562,79,male
14565,68,female
14566,67,male
14567,48,male
14569,30,male
14570,60,female
14572,23,male
14573,44,male
14576,77,female
14577,47,female
14578,68,female
14581,29,male
14582,80,male
14583,34,female
14584,59,female
14585,53,female
14586,65,male
14587,39,female
14589,14,male
14591,53,male
14592,17,male
14593,45,female
14594,54,male
14595,72,female
14597,42,female
14598,9,female
14600,20,male
14601,66,female
14603,55,female
14606,76,male
14607,19,female
14608,64,female
14609,65,male
14616,24,female
14618,37,male
14619,49,male
14620,35,female
14621,20,female
14622,13,female
14623,68,male
14624,9,female
14625,61,female
14626,69,male
14627,23,male
14628,31,male
14629,33,female
14631,18,male
14632,16,female
14633,18,female
14636,59,male
14638,26,male
14639,12,female
14640,67,male
14641,61,male
14642,37,female
14643,68,male
14644,42,female
14645,73,female
14646,51,female
14647,78,male
14649,38,female
14651,18,female
14652,14,female
14653,80,female
14655,43,female
14656,69,female
14657,29,male
14658,45,male
14659,18,female
14660,46,female
14661,33,male
14662,17,male
14664,46,female
14665,53,male
14666,19,male
14667,72,male
14669,45,male
14670,75,male
14672,77,female
14673,18,female
14675,37,female
14676,11,female
14679,40,male
14680,74,male
14681,58,female
14682,27,female
14684,46,female
14687,59,female
14688,75,female
14689,43,male
14690,10,female
14691,50,male
14692,70,male
14693,76,female
14696,43,male
14697,71,male
14698,79,male
14699,32,male
14700,8,male
14701,28,female
14702,42,male
14703,26,female
14704,67,male
14705,66,male
14708,34,female
14709,67,male
14710,74,male
14711,38,male
14712,33,male
14713,21,male
14714,28,male
14715,71,female
14716,35,female
14719,80,female
14720,42,male
14722,15,female
14723,46,male
14725,57,female
14727,48,female
14729,19,male
14730,48,male
14731,52,female
14732,38,female
14733,15,female
14735,73,male
14737,60,male
14738,19,female
14739,74,male
14740,30,male
14741,20,male
14744,15,male
14745,31,female
14747,60,female
14748,14,female
14752,44,male
14753,65,female
14754,33,female
14755,36,male
14756,49,female
14757,77,female
14758,39,female
14759,34,male
14760,21,male
14761,10,female
14762,61,male
14764,16,female
14765,31,female
14766,41,male
14768,49,female
14769,12,female
14770,63,female
14772,69,male
14775,46,male
14776,49,male
14777,17,female
14778,25,male
14779,43,male
14780,27,male
14782,78,male
14784,49,male
14785,41,female
14788,40,female
14789,54,male
14790,35,male
14792,64,female
14793,50,female
14794,37,male
14795,72,female
14796,45,female
14798,63,male
14799,35,male
14800,51,male
14801,33,female
14803,70,male
14804,65,male
14805,19,male
14806,75,female
14808,67,male
14810,34,female
14813,67,male
14815,74,female
14816,63,female
14817,38,male
14818,75,male
14819,71,male
14820,29,male
14821,61,female
14823,64,male
14824,70,female
14825,56,female
14828,36,female
14829,19,male
14830,16,male
14834,30,male
14836,58,male
14837,19,male
14840,46,male
14841,47,female
14842,49,male
14844,50,female
14847,29,male
14849,74,female
14850,69,male
14851,11,male
14852,25,female
14853,28,male
14854,24,female
14855,22,female
14856,40,male
14857,21,male
14859,64,male
14860,20,male
14861,38,male
14862,64,male
14863,9,male
14865,47,male
14866,28,female
14867,8,male
14868,52,male
14869,28,male
14870,77,female
14871,77,male
14873,63,male
14875,78,male
14878,39,male
14880,21,male
14881,47,female
14882,31,male
14883,63,female
14885,52,female
14886,65,male
14887,33,female
14888,47,male
14889,61,male
14890,66,male
14891,79,male
14893,49,male
14894,78,female
14895,8,female
14896,53,female
14897,10,male
14898,64,male
14901,49,male
14902,73,female
14903,61,male
14904,36,female
14905,68,male
14907,46,male
14908,74,male
14910,15,female
14911,66,male
14912,72,female
14913,16,female
14915,13,female
14916,67,male
14918,80,male
14920,29,male
14921,25,female
14923,54,female
14924,79,female
14929,13,male
14930,71,female
14931,43,female
14932,35,female
14934,14,female
14935,37,female
14936,62,male
14937,49,male
14944,63,male
14946,76,male
14947,15,male
14948,23,female
14950,27,female
14951,50,female
14952,70,female
14953,70,female
14954,46,male
14957,61,male
14958,55,male
14959,41,male
14960,27,male
14961,19,male
14962,11,female
14963,33,female
14964,21,male
14965,32,male
14966,65,female
14967,79,female
14968,36,male
14970,33,female
14971,69,male
14972,24,male
14973,48,male
14974,25,female
14975,72,male
14976,29,female
14978,53,male
14981,27,male
14984,33,female
14985,71,male
14987,70,female
14988,11,female
14995,74,male
14997,74,male
14998,33,male
15000,54,female
15002,36,male
15004,65,male
15005,70,female
15006,74,female
15007,44,male
15009,61,female
15010,61,male
15012,69,male
15014,56,female
15016,76,male
15017,75,male
15018,25,female
15019,42,female
15021,45,female
15022,36,male
15023,80,female
15024,15,female
15025,37,male
15026,31,male
15027,65,male
15028,36,female
15030,67,female
15031,53,female
15032,48,male
15033,69,female
15034,65,female
15035,29,female
15036,39,female
15038,74,male
15039,19,male
15041,31,male
15042,32,male
15043,34,female
15044,23,female
15045,77,female
15046,29,female
15047,68,female
15048,23,male
15049,51,female
15050,38,female
15051,11,male
15052,61,male
15053,67,male
15054,14,male
15057,79,female
15058,66,male
15059,42,male
15060,74,female
15061,53,female
15062,80,female
15063,74,female
15065,69,male
15066,72,male
15067,61,female
15068,31,male
15069,22,male
15070,31,female
15071,55,female
15073,52,male
15074,42,female
15075,72,female
15076,66,male
15078,79,male
15079,42,male
15081,15,male
15083,16,female
15087,15,male
15088,23,female
15089,56,female
15090,77,female
15091,45,female
15092,29,male
15093,76,female
15095,77,female
15096,19,female
15097,29,male
15098,14,male
15099,53,female
15100,31,female
15101,18,female
15103,53,male
15104,24,female
15105,75,female
15106,47,male
15107,66,male
15108,40,female
15109,33,male
15110,61,female
15111,58,male
15113,79,female
15114,39,female
15115,40,female
15116,56,male
15117,71,female
15118,70,male
15119,47,female
15120,11,male
15121,61,male
15122,44,male
15123,62,female
15124,36,female
15125,54,female
15127,46,female
15128,51,male
15129,17,male
15130,60,male
15132,27,female
15133,51,male
15134,18,male
15135,67,male
15136,51,male
15139,53,male
15140,27,male
15142,68,male
15143,71,female
15144,52,male
15145,31,female
15146,54,male
15147,61,male
15148,68,male
15149,59,male
15150,57,male
15152,61,male
15153,49,female
15154,22,male
15156,9,female
15157,43,male
15158,21,female
15159,64,male
15160,80,female
15163,46,female
15164,19,male
15165,26,male
15167,61,male
15168,13,female
15171,16,female
15172,73,female
15174,39,female
15175,12,female
15178,33,male
15179,16,female
15180,80,female
15181,61,male
15182,47,male
15184,11,female
15185,51,female
15186,52,female
15187,24,female
15189,73,male
15192,42,female
15193,25,female
15194,37,female
15195,73,male
15197,40,female
15198,19,male
15199,13,female
15201,12,female
15203,68,male
15204,23,male
15205,24,female
15206,69,male
15208,79,male
15210,41,male
15211,80,male
15212,29,male
15213,23,female
15214,31,female
15215,76,male
15216,8,male
15218,58,male
15219,41,male
15220,44,female
15221,12,male
15222,23,male
15223,66,male
15224,54,female
15225,67,male
15226,30,female
15227,49,male
15228,63,female
15230,69,female
15232,50,female
15234,64,male
15235,73,female
15236,17,female
15237,77,male
15238,35,male
15239,18,female
15240,18,female
15241,40,male
15243,59,female
15244,52,female
15245,73,male
15246,63,male
15247,9,female
15249,43,male
15251,80,male
15252,12,male
15253,66,female
15254,62,male
15255,31,female
15256,40,male
15257,69,female
15258,55,male
15260,55,male
15261,69,female
15262,38,male
15263,61,male
15264,12,female
15265,70,female
15266,57,female
15267,25,female
15269,51,male
15270,76,male
15271,53,female
15272,22,male
15274,21,female
15275,46,male
15276,53,female
15277,43,male
15279,30,female
15280,58,female
15281,11,female
15286,22,male
15287,53,male
15288,16,male
15289,18,male
15290,14,male
15291,33,female
15292,63,female
15296,11,female
15297,75,female
15298,40,male
15299,57,female
15300,8,male
15301,29,male
15303,70,male
15304,11,male
15306,80,female
15307,38,female
15308,49,female
15311,77,male
15312,8,male
15313,28,female
15314,8,male
15315,71,female
15316,48,male
15318,18,female
15319,59,female
15320,73,male
15321,21,male
15322,27,male
15325,71,male
15326,18,male
15327,70,female
15329,14,male
15330,15,female
15332,33,female
15333,20,male
15334,29,male
15335,28,male
15339,12,male
15341,11,female
15342,51,female
15343,78,female
15344,10,female
15345,8,female
15346,64,female
15347,74,male
15348,46,male
15349,16,female
15350,22,female
15351,64,female
15353,33,male
15355,77,male
15356,49,male
15358,79,male
15360,44,female
15361,25,female
15363,14,female
15364,77,male
15365,51,male
15366,60,female
15367,8,female
15368,50,male
15369,9,female
15370,24,female
15372,75,male
15373,75,male
15374,46,female
15376,21,male
15379,34,female
15380,61,male
15381,46,male
15382,43,female
15384,65,female
15385,53,female
15386,23,female
15388,72,female
15389,78,male
15392,64,female
15393,34,female
15394,64,female
15395,50,female
15396,44,male
15397,25,male
15398,39,male
15399,12,female
15400,52,male
15402,12,female
15405,19,female
15406,19,female
15407,40,female
15408,52,male
15410,47,female
15411,48,male
15412,44,male
15414,48,female
15415,17,male
15416,43,male
15417,70,female
15419,25,female
15421,36,male
15422,36,female
15423,8,male
15424,9,female
15426,75,female
15427,53,male
15428,19,female
15429,19,female
15432,80,female
15433,15,female
15434,58,male
15435,54,male
15436,54,male
15437,54,male
15438,9,male
15440,66,male
15442,32,male
15443,36,male
15444,10,male
15445,47,female
15447,18,male
15448,74,female
15449,57,female
15450,29,female
15452,21,male
15453,13,female
15454,62,female
15456,79,female
15457,74,male
15458,15,male
15460,19,female
15462,46,male
15463,23,female
15464,44,female
15465,41,female
15466,33,male
15467,79,female
15468,51,male
15469,18,male
15471,45,female
15472,56,male
15473,73,female
15475,74,female
15478,44,female
15480,75,female
15482,28,female
15483,22,female
15484,78,male
15485,17,female
15488,60,male
15489,70,female
15491,18,male
15492,55,female
15493,48,male
15494,16,male
15497,56,female
15498,33,female
15500,60,female
15502,48,female
15503,61,male
15504,57,female
15505,60,male
15506,51,female
15507,10,female
15508,33,female
15510,36,male
15511,64,female
15512,43,female
15513,77,male
15514,26,male
15516,79,male
15517,24,female
15518,51,male
15520,17,female
15521,63,male
15522,67,female
15523,44,female
15524,55,female
15525,23,male
15526,63,female
15527,55,female
15528,69,male
15529,64,female
15530,78,female
15531,62,male
15532,57,female
15533,67,female
15535,47,female
15537,50,male
15539,74,male
15540,38,male
15541,73,female
15543,80,male
15544,57,male
15545,50,female
15547,62,male
15549,80,female
15550,41,male
15551,75,female
15552,34,female
15553,78,male
15554,22,female
15555,12,female
15556,75,male
15557,45,female
15561,23,female
15562,37,female
15563,40,male
15565,53,male
15567,80,female
15568,67,male
15569,29,female
15570,80,male
15571,12,female
15572,59,male
15573,19,male
15574,50,female
15576,12,female
15577,39,female
15578,55,female
15579,68,female
15581,73,female
15582,46,male
15584,23,female
15585,15,male
15587,8,male
15589,38,female
15590,61,female
15592,75,male
15593,79,male
15594,53,male
15596,56,female
15597,38,female
15598,75,female
15599,30,male
15601,49,male
15602,72,male
15603,39,female
15604,36,male
15605,52,female
15606,57,male
15607,26,female
15608,14,male
15609,50,male
15610,39,male
15611,21,male
15612,47,female
15615,73,male
15618,21,female
15619,22,female
15620,11,male
15621,73,male
15622,62,female
15623,20,female
15624,54,male
15625,64,female
15626,77,female
15628,15,female
15630,53,male
15632,46,male
15634,28,male
15636,67,male
15637,77,female
15638,58,female
15639,66,male
15640,73,female
15641,39,male
15643,20,male
15644,62,male
15645,29,female
15646,80,male
15648,14,female
15649,19,female
15651,32,male
15652,10,male
15653,34,male
15654,76,male
15655,33,female
15656,63,male
15657,16,female
15658,10,male
15659,21,male
15660,25,female
15661,52,male
15663,80,female
15664,10,male
15665,11,female
15667,37,female
15668,17,female
15669,69,male
15670,58,female
15671,69,male
15673,35,male
15674,15,female
15675,42,male
15676,57,male
15677,35,male
15678,68,male
15679,42,female
15680,47,male
15681,13,male
15683,33,male
15687,13,female
15689,14,male
15690,19,female
15691,75,male
15692,16,male
15694,76,male
15695,16,male
15696,19,female
15699,68,female
15700,41,male
15701,77,male
15703,42,female
15704,78,female
15705,67,male
15706,42,female
15707,45,female
15708,60,male
15709,12,female
15712,42,female
15713,70,male
15714,43,male
15716,58,female
15717,29,female
15719,8,male
15720,38,female
15721,80,female
15722,19,female
15723,37,male
15724,24,female
15725,36,female
15727,68,female
15728,45,male
15729,69,female
15730,32,female
15732,59,male
15733,21,female
15734,32,female
15737,63,female
15738,10,female
15739,48,female
15740,23,male
15743,44,female
15744,63,male
15745,78,female
15746,40,female
15747,39,female
15748,80,male
15749,40,male
15750,8,male
15752,72,female
15753,77,male
15754,45,male
15755,32,female
15756,52,female
15757,15,male
15758,22,female
15759,31,male
15762,50,male
15763,30,male
15764,17,female
15766,62,female
15768,31,female
15769,62,female
15773,71,male
15774,75,male
15775,31,male
15776,21,male
15777,39,male
15780,65,male
15781,41,female
15782,15,male
15783,71,male
15785,66,male
15786,38,female
15787,18,male
15789,14,female
15790,25,female
15791,8,female
15793,58,male
15795,35,female
15796,46,male
15797,12,male
15799,23,male
15800,32,female
15801,51,female
15802,61,female
15803,67,male
15804,80,male
15805,42,female
15806,54,female
15807,46,female
15808,43,female
15809,39,male
15810,50,female
15811,51,male
15812,69,male
15813,70,female
15814,19,female
15815,11,female
15819,36,male
15820,52,male
15821,80,male
15822,17,male
15823,80,male
15825,13,female
15826,11,male
15827,37,male
15829,66,female
15830,36,female
15831,24,female
15832,77,male
15834,75,male
15835,21,male
15836,50,female
15837,65,female
15838,70,male
15839,46,female
15840,79,female
15841,59,female
15843,57,male
15844,65,female
15845,62,female
15847,38,female
15850,47,male
15852,45,male
15853,9,female
15854,29,female
15855,62,male
15856,43,male
15857,53,male
15858,21,male
15860,28,female
15861,65,female
15862,11,male
15863,15,female
15864,28,female
15865,17,female
15866,31,female
15867,65,female
15869,47,female
15870,78,female
15872,45,female
15874,66,female
15877,55,female
15880,52,female
15881,57,female
15882,48,female
15883,14,male
15885,49,female
15886,52,male
15888,78,male
15889,44,male
15891,73,male
15894,53,male
15895,37,female
15897,48,female
15898,57,female
15899,65,female
15900,63,female
15901,66,female
15903,65,female
15904,48,female
15906,50,female
15907,50,female
15909,34,female
15910,8,female
15912,18,male
15916,76,female
15917,67,male
15918,64,male
15919,17,male
15920,40,female
15921,18,male
15922,55,male
15923,52,male
15925,32,female
15930,61,female
15932,13,female
15933,37,female
15935,10,male
15937,46,male
15938,10,female
15939,68,male
15940,38,female
15942,34,female
15944,74,female
15945,20,male
15947,65,male
15948,19,female
15949,59,female
15950,70,male
15951,12,female
15952,63,male
15953,39,female
15955,65,female
15957,56,male
15958,73,female
15963,15,male
15965,33,male
15967,28,male
15969,27,male
15970,35,female
15971,23,male
15973,24,female
15974,23,female
15975,80,female
15976,76,female
15977,57,female
15978,76,female
15980,36,female
15981,25,male
15983,41,male
15984,60,female
15985,20,male
15986,43,male
15987,18,female
15988,14,male
15990,30,female
15992,48,male
15993,12,female
15994,31,male
15996,50,female
15998,60,female
16000,15,female
16003,80,male
16005,73,female
16006,21,male
16007,51,male
16008,17,male
16009,10,male
16010,76,female
16011,46,female
16012,40,male
16013,25,male
16014,76,male
16015,43,male
16016,64,male
16017,33,female
16018,17,female
16019,18,female
16020,56,male
16022,24,female
16023,45,female
16024,52,female
16025,31,male
16026,34,male
16027,14,female
16029,75,female
16030,32,male
16031,59,male
16033,65,male
16034,64,female
16036,61,male
16037,44,female
16038,34,female
16040,64,male
16041,77,female
16042,32,female
16043,67,female
16045,66,female
16048,24,female
16049,34,female
16050,44,female
16052,32,female
16053,20,female
16054,56,male
16055,48,female
16056,74,male
16057,68,female
16059,54,male
16061,50,male
16062,10,female
16063,65,female
16065,49,male
16066,66,male
16070,78,female
16071,8,female
16072,19,male
16073,34,male
16076,11,female
16078,72,male
16079,56,male
16080,75,male
16081,43,female
16083,13,male
16084,10,female
16085,13,male
16086,45,female
16091,20,male
16092,17,male
16093,78,male
16094,70,male
16096,53,male
16097,54,female
16098,35,male
16099,68,female
16101,18,female
16102,75,male
16103,72,female
16104,14,female
16105,43,female
16106,52,male
16107,58,female
16108,69,female
16109,55,female
16110,28,male
16112,23,male
16113,73,male
16114,20,female
16115,11,female
16116,21,male
16117,33,male
16119,62,male
16120,55,male
16121,36,male
16122,29,male
16123,15,female
16124,22,female
16125,44,female
16126,29,female
16127,22,male
16128,64,male
16131,63,female
16133,62,male
16134,78,female
16135,53,male
16136,22,male
16138,29,female
16139,36,male
16140,30,female
16141,30,female
16142,46,male
16143,11,male
16144,43,female
16145,59,female
16146,28,male
16147,56,female
16148,62,male
16149,11,male
16150,60,female
16152,44,male
16153,67,male
16156,40,female
16157,75,female
16159,60,male
16160,71,male
16161,39,female
16162,16,female
16163,22,male
16164,10,male
16168,14,female
16169,15,male
16170,36,female
16171,55,female
16172,63,female
16173,75,female
16174,21,female
16175,30,female
16177,14,female
16178,29,female
16179,75,female
16180,67,male
16181,27,male
16182,47,female
16183,26,female
16184,40,male
16185,71,female
16186,31,female
16187,36,male
16188,58,male
16189,75,female
16190,53,male
16191,10,female
16193,10,male
16198,41,female
16200,55,male
16201,38,male
16202,16,male
16203,52,female
16204,39,male
16205,10,female
16206,80,male
16207,70,male
16208,62,male
16209,72,female
16210,64,female
16211,54,male
16212,36,male
16213,25,male
16214,63,female
16215,39,female
16216,68,female
16217,53,male
16218,36,male
16221,36,female
16222,75,female
16224,11,male
16225,36,male
16226,48,male
16227,74,female
16229,78,female
16230,54,female
16232,68,female
16233,45,female
16235,52,male
16236,30,female
16239,8,male
16240,43,male
16241,65,female
16242,16,female
16243,15,male
16244,79,female
16245,26,female
16247,70,female
16248,61,male
16249,78,female
16250,14,male
16252,61,female
16253,23,female
16255,33,male
16256,58,male
16257,70,female
16258,73,male
16260,43,female
16261,21,male
16262,24,female
16265,45,female
16266,50,female
16268,29,female
16270,14,male
16271,51,male
16272,76,male
16274,11,male
16275,48,female
16276,17,female
16278,49,male
16279,18,female
16281,20,female
16282,18,male
16283,18,female
16284,45,male
16287,49,male
16292,59,female
16293,44,female
16295,19,female
16297,58,male
16298,74,female
16302,30,female
16303,46,male
16305,9,male
16306,29,male
16308,48,male
16309,12,male
16311,44,male
16313,41,female
16315,58,female
16316,13,male
16317,64,female
16318,59,female
16319,31,male
16320,37,male
16321,24,female
16322,66,male
16323,31,male
16324,52,male
16325,55,male
16326,42,female
16327,68,female
16330,76,male
16332,59,female
16333,26,female
16337,45,female
16338,71,male
16339,60,male
16340,63,female
16341,60,female
16342,49,male
16343,42,female
16344,38,female
16345,13,male
16347,35,female
16348,30,male
16349,24,female
16350,52,male
16351,37,female
16352,59,female
16353,36,female
16354,27,female
16356,37,male
16357,69,male
16358,65,male
16359,60,male
16360,74,male
16361,63,female
16362,40,male
16363,57,female
16364,40,female
16365,17,female
16366,21,female
16367,46,male
16368,12,female
16369,40,female
16370,57,male
16372,40,female
16374,70,male
16376,40,male
16377,49,female
16378,59,female
16379,24,male
16380,50,female
16383,26,male
16384,26,female
16385,10,female
16386,38,male
16387,33,male
16389,41,male
16392,50,female
16393,64,female
16394,9,female
16395,29,male
16398,37,male
16399,25,female
16400,57,female
16401,22,female
16402,54,male
16403,64,male
16404,32,female
16405,52,female
16406,44,male
16407,52,male
16409,13,female
16411,61,male
16412,23,female
16413,9,female
16414,41,male
16415,64,female
16416,34,female
16418,52,female
16419,49,male
16422,64,female
16423,11,female
16424,60,male
16425,18,female
16426,56,female
16427,64,female
16428,35,male
16429,10,male
16430,74,male
16431,30,male
16432,45,male
16433,36,female
16434,45,male
16438,12,female
16440,61,male
16441,42,male
16442,70,female
16444,73,female
16445,37,female
16446,76,male
16447,21,male
16448,74,male
16449,26,female
16450,9,male
16451,31,female
16454,42,male
16455,42,male
16456,42,male
16457,41,female
16458,18,male
16460,53,male
16461,37,male
16462,40,female
16463,59,male
16464,43,female
16466,56,female
16468,62,female
16469,34,female
16470,26,male
16471,35,male
16473,69,female
16474,26,female
16475,15,female
16477,76,male
16478,50,female
16479,65,female
16480,26,male
16482,39,female
16483,59,female
16484,16,female
16485,28,female
16488,8,female
16491,57,female
16493,54,male
16494,16,male
16495,28,female
16496,46,male
16497,72,female
16498,66,male
16499,28,male
16500,55,female
16503,70,female
16504,67,male
16505,51,female
16506,34,male
16509,74,female
16510,16,male
16511,61,male
16513,32,female
16515,68,male
16516,72,female
16517,13,male
16518,35,female
16519,41,female
16520,78,male
16523,41,female
16525,76,female
16526,47,male
16527,77,female
16528,14,male
16529,59,male
16531,43,male
16532,72,male
16533,20,male
16535,76,male
16536,19,male
16539,53,female
16542,13,male
16545,23,female
16546,53,female
16549,13,male
16550,13,female
16551,73,female
16552,24,female
16553,15,male
16554,72,male
16555,56,female
16556,12,female
16557,17,female
16558,13,male
16560,77,female
16561,27,female
16563,58,male
16565,68,male
16566,73,female
16567,21,female
16569,15,female
16570,23,male
16571,46,female
16572,54,male
16573,40,male
16574,42,female
16579,14,female
16581,9,male
16582,70,female
16583,46,female
16584,45,female
16586,58,female
16587,23,male
16589,32,female
16591,28,female
16592,14,female
16593,15,female
16594,55,male
16595,15,male
16596,36,female
16597,28,male
16598,50,male
16600,77,female
16601,74,female
16602,11,male
16603,77,male
16607,8,male
16609,35,female
16610,36,female
16611,28,male
16612,10,male
16613,50,male
16614,37,male
16616,71,male
16617,78,male
16618,63,male
16619,69,female
16620,14,male
16621,35,female
16623,50,female
16624,42,male
16625,43,male
16626,38,male
16627,62,female
16628,29,female
16629,64,male
16633,24,female
16634,51,male
16637,66,female
16638,35,male
16639,33,female
16641,59,male
16642,69,male
16643,68,male
16644,55,female
16647,74,female
16648,45,male
16650,34,male
16652,34,female
16653,25,female
16654,34,male
16655,52,female
16656,53,male
16657,76,female
16658,12,female
16659,15,male
16660,15,male
16665,65,female
16666,39,male
16667,65,male
16668,77,male
16669,71,female
16670,51,female
16671,49,female
16672,76,female
16674,13,male
16676,71,female
16678,54,female
16679,74,female
16680,9,male
16681,28,female
16682,40,female
16684,11,female
16685,37,male
16686,26,male
16688,37,male
16689,43,female
16690,56,female
16692,56,female
16693,22,female
16696,18,female
16697,26,male
16698,42,male
16700,47,male
16701,10,male
16705,73,male
16706,8,male
16708,50,female
16709,60,male
16710,18,female
16711,52,female
16712,13,male
16713,34,male
16714,66,male
16715,26,female
16716,49,male
16717,16,female
16718,68,male
16719,41,male
16720,44,male
16721,68,female
16722,76,male
16723,76,male
16725,9,male
16726,79,male
16727,77,female
16728,55,male
16729,44,male
16730,16,female
16732,72,female
16734,66,female
16735,61,female
16737,10,female
16738,52,male
16739,75,female
16742,20,female
16743,12,female
16744,67,female
16745,51,female
16746,31,male
16747,41,male
16748,66,male
16750,17,female
16751,68,male
16752,66,male
16753,72,male
16754,24,female
16755,55,male
16756,73,male
16757,75,male
16758,52,male
16759,57,female
16761,75,female
16762,36,male
16763,58,male
16764,71,female
16765,42,male
16766,11,female
16767,59,male
16768,27,female
16769,27,female
16770,40,male
16771,80,female
16773,42,male
16774,49,male
16775,40,female
16776,22,female
16777,65,male
16778,34,male
16779,48,female
16780,40,male
16781,33,female
16782,8,male
16784,17,female
16788,70,male
16789,16,female
16790,14,female
16791,14,female
16792,36,male
16793,80,female
16794,52,male
16795,26,female
16796,26,male
16800,44,female
16801,75,male
16803,69,female
16804,49,male
16805,53,female
16806,8,female
16807,49,male
16808,26,female
16809,74,female
16810,25,male
16811,67,female
16812,55,female
16813,69,male
16814,67,female
16816,61,male
16817,21,female
16818,69,female
16820,72,male
16823,28,male
16824,77,female
16825,60,male
16826,25,female
16828,30,female
16829,80,female
16830,49,male
16832,18,female
16833,29,female
16834,67,male
16835,18,female
16836,56,female
16837,27,female
16838,66,female
16839,24,female
16841,13,female
16842,39,female
16843,46,female
16846,47,male
16847,16,female
16848,53,male
16849,31,male
16850,78,male
16851,18,male
16852,11,male
16855,32,female
16856,50,male
16858,20,female
16859,28,male
16861,68,male
16863,48,male
16866,64,male
16869,62,male
16871,13,female
16872,58,male
16873,57,female
16875,64,male
16877,26,female
16878,54,female
16880,80,male
16881,31,male
16882,76,male
16883,59,female
16884,42,female
16885,69,female
16887,60,male
16889,63,female
16891,20,female
16892,30,male
16893,49,female
16895,74,female
16897,15,male
16898,25,male
16899,28,female
16900,36,female
16902,8,female
16903,9,male
16904,37,male
16905,23,male
16906,34,female
16907,45,male
16909,44,female
16910,9,male
16912,64,male
16913,55,male
16914,12,female
16915,66,female
16916,68,female
16917,20,male
16918,10,female
16919,32,male
16921,51,female
16923,42,female
16924,17,male
16926,27,female
16927,35,male
16928,29,female
16929,58,female
16930,73,female
16931,52,female
16932,45,male
16933,40,female
16934,23,male
16936,44,female
16938,75,female
16940,26,female
16942,31,male
16943,36,male
16945,71,male
16947,57,male
16948,52,male
16949,37,female
16950,50,male
16951,69,male
16952,78,male
16953,21,male
16954,26,female
16955,68,male
16956,14,female
16957,49,male
16959,78,female
16960,58,male
16961,62,male
16963,71,male
16965,38,female
16966,62,female
16967,72,male
16968,58,male
16969,20,female
16971,16,male
16976,50,female
16978,55,female
16979,26,female
16980,67,male
16982,64,female
16983,74,male
16984,15,male
16985,57,female
16986,49,male
16987,38,male
16988,60,male
16989,35,male
16990,79,female
16992,14,female
16995,28,female
16996,29,male
16997,55,female
16998,56,female
16999,9,male
17001,78,male
17002,9,female
17004,49,male
17006,25,female
17007,75,male
17010,50,female
17011,55,female
17014,44,female
17015,78,male
17017,50,female
17018,47,male
17019,19,female
17022,75,male
17024,10,male
17025,58,male
17026,36,female
17027,43,male
17029,31,female
17030,72,female
17031,78,female
17033,28,female
17034,11,male
17035,43,female
17037,40,male
17038,79,female
17040,73,female
17041,58,male
17042,32,male
17043,40,female
17044,34,male
17045,16,male
17046,17,female
17047,35,female
17048,15,male
17049,46,male
17050,43,male
17051,72,male
17052,58,female
17053,65,female
17054,56,female
17058,65,male
17059,45,male
17060,40,female
17061,74,male
17062,23,female
17063,9,male
17064,21,female
17065,77,male
17068,11,male
17069,61,male
17070,76,male
17071,63,male
17073,22,male
17075,20,male
17076,74,female
17078,79,male
17079,30,female
17080,50,female
17081,63,female
17082,52,male
17083,22,male
17084,63,male
17085,16,female
17086,60,male
17088,48,female
17090,32,male
17091,78,male
17092,50,male
17094,12,male
17095,60,female
17096,37,female
17097,34,male
17100,59,female
17101,34,male
17102,29,male
17105,9,female
17107,14,female
17109,10,female
17110,29,female
17111,73,male
17114,48,female
17115,46,female
17117,19,female
17118,51,female
17119,70,female
17120,47,female
17122,42,male
17123,70,female
17124,43,male
17125,35,male
17126,36,female
17128,59,male
17131,27,male
17133,32,female
17134,67,male
17135,73,male
17138,53,female
17139,80,female
17140,73,female
17142,57,male
17144,27,female
17146,39,male
17147,50,male
17148,55,male
17152,78,male
17153,76,male
17154,33,female
17155,67,male
17157,13,female
17158,27,female
17159,21,female
17160,43,female
17162,20,female
17163,50,male
17164,23,male
17165,73,male
17166,20,male
17169,17,male
17171,62,female
17172,36,male
17173,45,female
17174,71,female
17175,64,female
17176,35,female
17179,39,male
17180,10,male
17181,80,male
17183,68,female
17186,71,male
17187,37,female
17188,47,male
17189,34,male
17190,21,female
17191,57,male
17193,26,male
17194,60,female
17197,53,female
17198,45,female
17201,30,female
17203,79,female
17204,72,male
17205,61,female
17206,65,male
17211,56,female
17212,76,male
17213,77,female
17214,40,female
17217,71,female
17218,77,male
17219,49,female
17220,31,female
17221,66,male
17222,73,female
17223,13,male
17226,63,female
17227,54,male
17228,12,male
17229,47,female
17230,42,male
17231,19,male
17232,56,male
17233,29,male
17234,51,female
17235,23,male
17236,64,female
17237,10,female
17238,23,male
17239,69,male
17242,74,male
17243,20,female
17244,37,male
17245,8,male
17247,66,male
17248,8,male
17250,52,male
17251,10,female
17252,70,male
17253,30,female
17254,66,female
17255,55,male
17256,69,male
17259,59,female
17262,14,female
17263,76,male
17265,63,male
17266,50,male
17267,10,female
17268,21,female
17272,68,male
17274,39,male
17277,51,male
17278,49,female
17279,35,male
17282,48,male
17284,20,male
17286,22,female
17287,15,female
17288,21,female
17289,32,female
17290,48,female
17291,18,male
17293,37,male
17295,56,male
17297,72,male
17298,51,male
17299,18,male
17301,54,male
17302,15,male
17303,15,female
17306,68,female
17307,70,female
17309,10,male
17311,58,female
17312,80,male
17313,22,female
17314,80,male
17315,72,female
17317,67,female
17320,32,male
17321,67,female
17323,35,female
17324,44,female
17325,36,male
17329,52,female
17330,8,male
17331,40,female
17333,20,female
17334,59,female
17337,58,female
17338,64,male
17339,8,male
17340,25,female
17341,63,male
17343,56,female
17344,63,male
17345,13,female
17346,49,male
17347,65,female
17348,45,female
17349,8,female
17350,16,female
17351,30,female
17353,19,male
17354,42,female
17356,26,male
17357,20,male
17358,36,female
17359,15,male
17360,37,male
17361,42,male
17362,77,female
17364,39,male
17365,64,male
17367,50,male
17368,78,female
17370,55,female
17371,55,male
17372,51,male
17373,32,female
17374,26,male
17375,22,male
17376,34,male
17377,42,female
17379,80,male
17381,64,male
17382,21,male
17383,47,female
17384,17,female
17385,58,male
17386,39,male
17387,70,male
17388,39,female
17389,8,male
17391,44,female
17392,9,female
17394,52,male
17396,65,male
17397,71,female
17398,17,male
17400,23,male
17402,44,female
17403,53,male
17404,76,male
17405,32,female
17406,60,male
17408,77,female
17409,19,male
17410,47,male
17411,40,male
17412,79,female
17414,77,female
17415,61,female
17416,19,female
17418,40,male
17419,48,male
17420,54,male
17422,42,male
17423,72,male
17425,8,male
17426,25,female
17427,30,male
17428,54,male
17429,61,female
17430,30,female
17431,48,male
17432,39,male
17433,59,male
17434,29,male
17436,26,female
17438,34,female
17440,76,female
17442,17,female
17443,70,female
17444,76,male
17446,62,male
17447,56,male
17448,45,male
17449,27,male
17450,75,male
17451,63,female
17453,15,male
17454,66,male
17455,62,female
17456,45,female
17457,51,male
17458,55,female
17459,70,male
17460,8,male
17461,32,female
17462,79,female
17463,73,male
17464,39,female
17466,28,male
17468,60,female
17469,39,male
17470,17,female
17472,31,male
17475,62,male
17480,47,female
17481,66,male
17483,59,female
17486,62,male
17489,41,female
17490,27,female
17491,75,female
17492,50,female
17495,50,male
17496,54,female
17498,45,female
17499,30,female
17500,68,male
17501,34,male
17502,66,male
17503,23,male
17504,70,female
17505,8,male
17506,65,female
17507,62,male
17508,12,female
17509,68,male
17510,40,female
17511,76,male
17512,58,female
17513,14,female
17514,46,female
17515,64,male
17516,74,female
17517,74,male
17519,76,female
17520,38,female
17521,24,male
17522,32,male
17523,47,male
17524,32,male
17525,19,female
17526,61,female
17527,74,male
17528,12,male
17530,55,female
17531,73,male
17534,16,female
17535,52,female
17536,53,male
17537,61,female
17538,53,female
17540,72,male
17542,37,male
17545,72,male
17547,71,male
17548,31,female
17549,70,male
17550,73,female
17551,62,female
17552,15,male
17553,78,female
17554,44,female
17555,28,female
17556,29,female
17557,17,male
17560,55,male
17561,54,female
17562,9,female
17564,15,male
17566,30,female
17567,21,male
17569,46,female
17571,67,female
17572,43,male
17573,47,female
17574,19,male
17576,61,female
17578,55,female
17579,27,female
17580,10,female
17581,59,female
17582,37,male
17584,25,male
17585,69,female
17588,32,male
17589,67,male
17590,10,female
17591,77,male
17593,48,female
17594,41,male
17595,40,female
17596,33,female
17597,46,female
17600,79,male
17601,61,female
17602,74,female
17603,25,male
17604,29,female
17608,36,female
17609,45,female
17611,55,female
17612,15,male
17613,17,male
17614,48,female
17615,10,female
17616,73,male
17618,36,female
17619,76,male
17620,34,female
17621,34,female
17623,9,male
17624,10,male
17625,79,male
17628,67,male
17629,74,male
17630,43,female
17631,67,male
17633,54,female
17634,49,male
17636,48,male
17637,74,male
17639,60,female
17640,58,male
17642,53,male
17643,67,male
17644,61,female
17646,69,female
17647,74,male
17648,49,male
17649,77,male
17650,71,female
17651,37,female
17652,69,female
17653,48,female
17654,62,female
17655,21,male
17656,58,female
17658,46,female
17659,12,male
17660,41,female
17663,22,female
17664,74,male
17666,36,female
17667,13,female
17668,62,female
17669,49,male
17670,28,male
17671,39,female
17672,54,female
17673,25,male
17674,67,female
17675,74,female
17676,80,female
17677,40,female
17678,19,female
17679,26,female
17680,29,male
17682,69,male
17684,68,male
17685,63,female
17686,71,male
17690,75,male
17691,27,female
17692,40,male
17693,27,male
17694,61,male
17695,12,female
17696,25,male
17697,47,male
17698,12,male
17700,71,female
17701,32,male
17702,62,female
17703,52,female
17704,31,male
17705,39,female
17706,41,male
17707,35,female
17708,73,male
17709,8,male
17711,19,male
17712,32,female
17714,29,male
17715,26,male
17716,21,male
17718,55,female
17719,76,female
17720,51,female
17722,74,male
17723,31,female
17724,58,male
17725,57,male
17727,20,male
17728,34,female
17730,79,male
17731,30,male
17732,80,female
17733,58,male
17734,27,female
17735,40,male
17736,31,female
17737,56,male
17738,60,male
17739,62,female
17742,21,male
17744,14,female
17746,66,male
17747,38,male
17749,44,male
17750,15,male
17752,26,female
17754,47,male
17757,17,female
17758,68,male
17759,50,female
17760,10,male
17761,20,female
17763,29,male
17764,57,male
17765,12,male
17767,79,female
17768,59,male
17769,69,female
17770,46,male
17771,24,female
17772,24,female
17774,43,male
17775,30,female
17777,56,male
17779,62,female
17781,35,male
17783,44,female
17785,76,female
17786,32,female
17787,78,male
17788,30,male
17789,17,female
17790,67,female
17791,23,female
17793,78,male
17795,22,female
17796,47,male
17797,77,female
17799,24,male
17800,65,male
17802,60,male
17805,22,female
17806,64,male
17809,53,male
17811,69,female
17812,18,female
17813,33,female
17816,76,male
17817,35,male
17819,11,female
17820,9,male
17824,75,female
17827,46,female
17828,10,female
17829,22,female
17830,58,male
17831,26,male
17832,15,male
17835,10,male
17836,41,male
17837,32,male
17838,45,female
17839,64,female
17841,12,male
17843,29,female
17844,77,female
17846,15,female
17848,29,male
17849,10,female
17850,39,male
17852,69,female
17854,14,female
17855,80,female
17856,29,female
17857,20,female
17858,63,male
17859,76,female
17860,28,male
17861,60,female
17862,49,female
17863,73,female
17864,9,male
17865,31,male
17866,17,female
17867,22,male
17869,80,female
17870,77,male
17871,31,male
17873,42,female
17874,49,female
17877,53,male
17878,57,female
17879,11,female
17880,16,female
17881,41,female
17883,57,female
17884,21,female
17885,79,male
17886,30,male
17887,13,female
17888,39,male
17889,61,female
17890,72,female
17891,23,male
17892,30,male
17893,38,female
17894,78,female
17895,13,female
17896,17,male
17897,72,female
17898,65,female
17899,10,male
17900,54,male
17901,80,male
17904,36,female
17905,41,male
17906,64,male
17908,24,female
17911,27,male
17912,64,male
17913,16,female
17914,63,male
17917,14,male
17919,54,male
17920,61,female
17921,75,female
17923,57,female
17924,51,female
17925,13,female
17926,13,male
17928,64,female
17929,42,female
17930,9,male
17931,58,male
17932,13,male
17934,40,male
17935,19,male
17936,56,female
17937,29,female
17939,68,female
17940,24,female
17941,30,male
17942,52,female
17946,35,female
17947,9,male
17948,13,female
17949,79,female
17950,27,female
17951,51,female
17954,52,female
17955,63,female
17956,46,male
17957,41,female
17958,15,female
17960,22,male
17961,18,male
17962,66,male
17964,28,female
17965,58,male
17966,15,male
17967,47,male
17968,52,male
17969,27,female
17970,67,female
17972,60,female
17973,60,female
17974,39,female
17975,16,female
17976,51,female
17977,63,female
17978,11,female
17979,41,female
17980,33,male
17984,19,female
17985,56,female
17986,47,female
17987,63,male
17988,27,female
17990,41,male
17991,15,female
17994,25,female
17995,21,male
17997,75,female
17999,20,female
18001,51,male
18004,34,male
18005,53,male
18006,12,male
18008,49,male
18009,56,male
18010,43,male
18011,42,male
18013,13,female
18014,59,female
18015,49,male
18016,27,female
18017,46,male
18018,56,female
18019,20,male
18022,20,male
18024,12,male
18027,73,female
18030,62,female
18032,48,male
18033,49,female
18034,73,male
18035,68,male
18036,52,male
18037,27,female
18040,59,male
18041,31,female
18042,50,female
18043,20,female
18044,19,male
18045,15,male
18048,63,female
18050,59,male
18053,37,female
18055,76,male
18056,17,female
18058,76,male
18059,22,female
18061,41,male
18062,18,male
18064,21,female
18065,33,female
18066,56,female
18067,20,male
18068,70,male
18069,73,male
18071,72,male
18072,50,female
18073,53,male
18074,50,female
18075,30,male
18077,19,male
18078,8,male
18079,9,female
18080,47,male
18081,66,female
18082,60,male
18084,40,male
18085,22,female
18086,16,male
18087,30,female
18088,43,female
18092,44,male
18093,54,male
18094,80,male
18095,13,male
18096,65,male
18097,74,male
18099,39,female
18101,33,male
18102,59,female
18104,76,female
18105,49,male
18106,55,male
18108,37,female
18109,27,female
18110,62,male
18112,77,female
18113,48,male
18114,22,male
18116,35,female
18117,63,male
18118,9,female
18119,24,female
18120,52,male
18121,8,female
18122,67,female
18123,58,female
18125,10,female
18126,48,female
18127,21,male
18129,51,male
18130,9,female
18133,53,male
18135,68,male
18136,43,female
18138,64,female
18139,74,female
18141,72,male
18142,48,female
18143,65,male
18144,73,male
18145,49,female
18146,8,female
18147,29,male
18149,35,female
18150,11,female
18151,57,male
18154,34,female
18155,14,female
18156,26,male
18158,8,female
18159,62,female
18160,13,male
18161,14,male
18164,76,male
18165,29,male
18167,11,male
18168,20,male
18169,21,male
18170,46,male
18171,80,female
18172,73,male
18173,79,female
18174,63,female
18176,62,female
18177,53,male
18178,56,male
18179,15,male
18180,26,female
18181,40,female
18183,74,male
18184,45,female
18185,75,male
18188,73,female
18189,15,female
18190,65,female
18191,21,female
18192,28,female
18193,78,male
18194,28,male
18196,67,female
18198,63,female
18200,24,female
18202,48,female
18203,35,female
18204,32,male
18205,26,female
18209,16,female
18210,58,female
18211,45,female
18212,52,male
18213,28,female
18215,71,female
18216,75,female
18217,24,female
18218,8,male
18219,57,male
18220,54,male
18221,29,male
18222,8,male
18223,13,male
18224,51,male
18225,36,female
18226,79,female
18227,57,male
18228,42,male
18229,55,female
18230,10,male
18231,18,male
18232,17,female
18233,62,female
18235,29,male
18236,18,female
18237,18,female
18239,29,male
18240,30,female
18241,67,female
18242,42,male
18245,42,male
18246,73,male
18248,27,female
18249,76,male
18250,66,male
18251,40,female
18252,58,male
18255,68,female
18256,43,female
18257,34,female
18259,71,female
18260,64,female
18261,69,male
18262,59,male
18263,58,male
18265,14,male
18268,44,male
18269,15,male
18270,71,male
18272,51,female
18273,26,male
18274,22,female
18276,48,male
18277,69,female
18278,77,male
18280,43,female
18281,18,male
18282,22,male
18283,39,male
18287,63,male
