user_id,item_id,timestamp
69,123thongs,1580982438
69,123surfboard,1580982438
69,123beachseatforone,1580982438
54,123beachseatforone,1580982439
54,123boardshorts,1580982439
54,123buckethat,1580982439
54,123surfboard,1580982440
54,123towel,1580982440
47,123buckethat,1580982441
47,123thongs,1580982441
47,123boardshorts,1580982441
47,123beachseatforone,1580982441
33,123buckethat,1580982443
33,123surfboard,1580982443
33,123beachseatforone,1580982443
33,123goggles,1580982443
33,123boardshorts,1580982443
33,123thongs,1580982443
91,123buckethat,1580982444
75,123thongs,1580982446
75,123boardshorts,1580982446
75,123towel,1580982446
3,123towel,1580982447
3,123beachseatforone,1580982447
87,123towel,1580982448
87,123thongs,1580982448
25,123beachseatforone,1580982450
89,123goggles,1580982451
89,123surfboard,1580982451
89,123sunscreen,1580982451
89,123buckethat,1580982451
89,123beachseatforone,1580982451
19,123towel,1580982453
19,123goggles,1580982453
66,123boardshorts,1580982454
66,123buckethat,1580982454
66,123towel,1580982454
66,123beachseatforone,1580982454
11,123boardshorts,1580982455
11,123towel,1580982455
4,123beachseatforone,1580982457
4,123goggles,1580982457
4,123thongs,1580982457
21,123surfboard,1580982458
21,123towel,1580982458
31,123towel,1580982459
31,123thongs,1580982460
31,123boardshorts,1580982460
31,123beachseatforone,1580982460
15,123buckethat,1580982461
15,123thongs,1580982461
15,123beachseatforone,1580982461
15,123towel,1580982461
5,123beachseatforone,1580982462
5,123sunscreen,1580982463
5,123boardshorts,1580982463
34,123goggles,1580982464
34,123beachseatforone,1580982464
50,123sunscreen,1580982465
50,123surfboard,1580982466
50,123towel,1580982466
54,123surfboard,1580982467
54,123buckethat,1580982467
54,123beachseatforone,1580982467
54,123towel,1580982467
32,123beachseatforone,1580982469
32,123towel,1580982469
32,123boardshorts,1580982469
32,123goggles,1580982469
32,123buckethat,1580982469
12,123boardshorts,1580982470
12,123surfboard,1580982470
12,123sunscreen,1580982470
96,123buckethat,1580982471
96,123surfboard,1580982472
11,123surfboard,1580982473
11,123sunscreen,1580982473
11,123beachseatforone,1580982473
11,123thongs,1580982473
17,123buckethat,1580982474
52,123surfboard,1580982475
52,123thongs,1580982475
52,123beachseatforone,1580982476
73,123surfboard,1580982477
73,123goggles,1580982477
73,123sunscreen,1580982477
42,123goggles,1580982478
42,123buckethat,1580982478
56,123buckethat,1580982479
56,123surfboard,1580982479
56,123thongs,1580982479
56,123towel,1580982480
79,123towel,1580982481
88,123goggles,1580982482
88,123boardshorts,1580982482
88,123beachseatforone,1580982482
88,123surfboard,1580982482
92,123thongs,1580982483
92,123beachseatforone,1580982483
64,123buckethat,1580982485
64,123beachseatforone,1580982485
64,123boardshorts,1580982485
64,123towel,1580982485
64,123sunscreen,1580982485
71,123thongs,1580982486
71,123surfboard,1580982486
71,123boardshorts,1580982486
71,123goggles,1580982486
33,123buckethat,1580982488
33,123surfboard,1580982488
33,123sunscreen,1580982488
98,123towel,1580982489
98,123buckethat,1580982489
49,123towel,1580982490
49,123surfboard,1580982490
49,123beachseatforone,1580982490
81,123surfboard,1580982492
81,123towel,1580982492
81,123sunscreen,1580982492
45,123sunscreen,1580982493
45,123thongs,1580982493
45,123towel,1580982493
45,123buckethat,1580982493
45,123beachseatforone,1580982493
45,123boardshorts,1580982493
4,123towel,1580982495
4,123boardshorts,1580982495
49,123surfboard,1580982496
49,123towel,1580982496
49,123boardshorts,1580982496
49,123sunscreen,1580982496
49,123beachseatforone,1580982496
10,123beachseatforone,1580982497
10,123boardshorts,1580982497
10,123towel,1580982497
10,123surfboard,1580982498
15,123thongs,1580982499
15,123goggles,1580982499
15,123sunscreen,1580982499
40,123beachseatforone,1580982500
40,123boardshorts,1580982500
81,123boardshorts,1580982501
81,123sunscreen,1580982501
81,123beachseatforone,1580982502
81,123buckethat,1580982502
81,123goggles,1580982502
52,123towel,1580982503
52,123surfboard,1580982503
52,123buckethat,1580982503
35,123beachseatforone,1580982504
35,123sunscreen,1580982504
35,123towel,1580982504
19,123sunscreen,1580982505
19,123beachseatforone,1580982506
19,123buckethat,1580982506
19,123surfboard,1580982506
19,123thongs,1580982506
19,123boardshorts,1580982506
45,123boardshorts,1580982507
45,123surfboard,1580982507
4,123towel,1580982508
4,123buckethat,1580982508
4,123thongs,1580982508
4,123boardshorts,1580982509
4,123beachseatforone,1580982509
4,123sunscreen,1580982509
57,123thongs,1580982510
56,123towel,1580982511
56,123buckethat,1580982511
56,123sunscreen,1580982511
30,123thongs,1580982513
77,123goggles,1580982514
77,123surfboard,1580982514
77,123buckethat,1580982514
95,123towel,1580982515
95,123sunscreen,1580982515
36,123buckethat,1580982516
36,123boardshorts,1580982517
51,123beachseatforone,1580982518
51,123boardshorts,1580982518
51,123sunscreen,1580982518
51,123towel,1580982518
66,123sunscreen,1580982519
66,123beachseatforone,1580982519
66,123boardshorts,1580982519
82,123surfboard,1580982521
82,123boardshorts,1580982521
65,123beachseatforone,1580982522
65,123sunscreen,1580982522
65,123boardshorts,1580982522
17,123beachseatforone,1580982523
20,123towel,1580982524
20,123surfboard,1580982524
20,123beachseatforone,1580982525
94,123boardshorts,1580982526
94,123surfboard,1580982526
94,123thongs,1580982526
61,123boardshorts,1580982528
61,123beachseatforone,1580982528
61,123goggles,1580982528
74,123towel,1580982529
74,123boardshorts,1580982529
74,123buckethat,1580982529
74,123thongs,1580982529
68,123beachseatforone,1580982531
68,123sunscreen,1580982531
89,123boardshorts,1580982532
35,123beachseatforone,1580982533
35,123sunscreen,1580982533
35,123buckethat,1580982533
35,123surfboard,1580982533
28,123towel,1580982535
28,123boardshorts,1580982535
28,123sunscreen,1580982535
82,123buckethat,1580982536
82,123sunscreen,1580982536
80,123boardshorts,1580982537
80,123beachseatforone,1580982537
81,123boardshorts,1580982539
81,123sunscreen,1580982539
53,123buckethat,1580982540
53,123boardshorts,1580982540
78,123beachseatforone,1580982541
78,123surfboard,1580982541
60,123surfboard,1580982542
60,123towel,1580982542
60,123thongs,1580982543
60,123beachseatforone,1580982543
60,123buckethat,1580982543
93,123buckethat,1580982544
93,123beachseatforone,1580982544
93,123thongs,1580982544
93,123surfboard,1580982544
84,123boardshorts,1580982545
84,123buckethat,1580982545
84,123surfboard,1580982545
43,123beachseatforone,1580982547
43,123buckethat,1580982547
43,123goggles,1580982547
43,123towel,1580982547
43,123sunscreen,1580982547
2,123surfboard,1580982548
2,123sunscreen,1580982548
29,123surfboard,1580982549
29,123thongs,1580982549
38,123boardshorts,1580982551
38,123sunscreen,1580982551
38,123buckethat,1580982551
38,123towel,1580982551
74,123boardshorts,1580982552
74,123beachseatforone,1580982552
59,123sunscreen,1580982553
67,123boardshorts,1580982555
46,123thongs,1580982556
46,123goggles,1580982556
46,123buckethat,1580982556
46,123sunscreen,1580982556
46,123towel,1580982556
46,123beachseatforone,1580982556
90,123buckethat,1580982558
90,123thongs,1580982558
90,123boardshorts,1580982558
62,123goggles,1580982559
62,123beachseatforone,1580982559
62,123surfboard,1580982559
27,123buckethat,1580982560
27,123boardshorts,1580982560
27,123sunscreen,1580982560
72,123towel,1580982562
72,123beachseatforone,1580982562
15,123beachseatforone,1580982563
15,123boardshorts,1580982563
15,123sunscreen,1580982563
52,123sunscreen,1580982564
49,123surfboard,1580982565
49,123thongs,1580982566
49,123beachseatforone,1580982566
49,123buckethat,1580982566
10,123goggles,1580982567
10,123surfboard,1580982567
10,123beachseatforone,1580982567
10,123towel,1580982567
63,123buckethat,1580982568
96,123boardshorts,1580982570
96,123towel,1580982570
5,123sunscreen,1580982571
5,123surfboard,1580982571
5,123buckethat,1580982571
62,123sunscreen,1580982572
62,123boardshorts,1580982572
11,123towel,1580982574
11,123surfboard,1580982574
11,123sunscreen,1580982574
11,123boardshorts,1580982574
51,123beachseatforone,1580982575
51,123towel,1580982575
51,123buckethat,1580982575
33,123towel,1580982576
33,123goggles,1580982576
20,123surfboard,1580982578
20,123goggles,1580982578
20,123boardshorts,1580982578
85,123towel,1580982579
85,123boardshorts,1580982579
88,123buckethat,1580982580
88,123goggles,1580982580
88,123towel,1580982580
55,123towel,1580982582
55,123beachseatforone,1580982582
80,123sunscreen,1580982583
80,123thongs,1580982583
80,123towel,1580982583
13,123beachseatforone,1580982584
13,123towel,1580982584
62,123boardshorts,1580982586
62,123towel,1580982586
79,123buckethat,1580982587
79,123surfboard,1580982587
79,123towel,1580982587
12,123surfboard,1580982588
12,123goggles,1580982588
12,123buckethat,1580982588
51,123towel,1580982590
51,123goggles,1580982590
24,123thongs,1580982591
24,123boardshorts,1580982592
24,123surfboard,1580982592
69,123goggles,1580982593
69,123thongs,1580982593
69,123surfboard,1580982593
69,123sunscreen,1580982593
95,123beachseatforone,1580982594
95,123thongs,1580982594
44,123surfboard,1580982596
44,123towel,1580982596
44,123beachseatforone,1580982596
44,123sunscreen,1580982596
67,123surfboard,1580982597
99,123towel,1580982598
59,123thongs,1580982599
59,123surfboard,1580982600
34,123thongs,1580982601
34,123surfboard,1580982601
93,123towel,1580982602
93,123goggles,1580982602
93,123surfboard,1580982602
93,123buckethat,1580982602
93,123sunscreen,1580982602
78,123boardshorts,1580982604
78,123buckethat,1580982604
78,123beachseatforone,1580982604
78,123sunscreen,1580982604
78,123goggles,1580982604
78,123surfboard,1580982604
22,123surfboard,1580982605
22,123buckethat,1580982605
10,123surfboard,1580982607
10,123sunscreen,1580982607
10,123boardshorts,1580982607
10,123goggles,1580982607
69,123sunscreen,1580982608
69,123surfboard,1580982608
34,123surfboard,1580982609
34,123sunscreen,1580982609
34,123towel,1580982609
34,123buckethat,1580982610
33,123beachseatforone,1580982611
4,123goggles,1580982612
31,123beachseatforone,1580982613
88,123thongs,1580982614
88,123beachseatforone,1580982615
88,123boardshorts,1580982615
32,123towel,1580982616
32,123boardshorts,1580982616
43,123beachseatforone,1580982617
43,123sunscreen,1580982617
43,123surfboard,1580982617
43,123buckethat,1580982617
18,123boardshorts,1580982619
18,123sunscreen,1580982619
18,123surfboard,1580982619
7,123thongs,1580982620
7,123beachseatforone,1580982620
7,123buckethat,1580982620
7,123sunscreen,1580982620
50,123beachseatforone,1580982621
50,123surfboard,1580982621
51,123boardshorts,1580982623
51,123goggles,1580982623
51,123sunscreen,1580982623
51,123buckethat,1580982623
25,123thongs,1580982624
25,123towel,1580982624
25,123buckethat,1580982624
25,123boardshorts,1580982624
80,123thongs,1580982625
80,123buckethat,1580982626
24,123thongs,1580982627
62,123boardshorts,1580982628
70,123beachseatforone,1580982629
70,123towel,1580982629
70,123sunscreen,1580982629
38,123buckethat,1580982631
38,123surfboard,1580982631
38,123towel,1580982631
87,123towel,1580982632
87,123beachseatforone,1580982632
51,123buckethat,1580982633
51,123surfboard,1580982633
51,123beachseatforone,1580982633
19,123goggles,1580982635
19,123beachseatforone,1580982635
19,123towel,1580982635
19,123boardshorts,1580982635
72,123sunscreen,1580982636
72,123towel,1580982636
72,123beachseatforone,1580982636
72,123surfboard,1580982637
72,123sunscreen,1580982638
72,123buckethat,1580982638
99,123boardshorts,1580982639
99,123goggles,1580982639
99,123thongs,1580982639
45,123boardshorts,1580982640
45,123beachseatforone,1580982640
85,123sunscreen,1580982641
37,123sunscreen,1580982643
37,123surfboard,1580982643
37,123buckethat,1580982643
37,123towel,1580982643
18,123beachseatforone,1580982644
18,123surfboard,1580982644
18,123towel,1580982644
27,123towel,1580982645
27,123sunscreen,1580982645
27,123beachseatforone,1580982646
27,123surfboard,1580982646
62,123sunscreen,1580982647
62,123beachseatforone,1580982647
62,123towel,1580982647
62,123buckethat,1580982647
17,123buckethat,1580982648
17,123surfboard,1580982648
17,123beachseatforone,1580982648
17,123boardshorts,1580982648
17,123sunscreen,1580982649
33,123goggles,1580982650
33,123beachseatforone,1580982650
89,123boardshorts,1580982651
89,123beachseatforone,1580982651
89,123sunscreen,1580982651
89,123surfboard,1580982652
18,123thongs,1580982653
18,123surfboard,1580982654
18,123towel,1580982654
18,123sunscreen,1580982654
61,123towel,1580982655
61,123buckethat,1580982655
61,123boardshorts,1580982655
61,123beachseatforone,1580982655
61,123sunscreen,1580982655
53,123sunscreen,1580982656
53,123buckethat,1580982656
53,123towel,1580982657
53,123boardshorts,1580982657
88,123sunscreen,1580982658
88,123thongs,1580982658
88,123goggles,1580982658
88,123surfboard,1580982658
88,123boardshorts,1580982658
2,123buckethat,1580982659
2,123boardshorts,1580982659
41,123boardshorts,1580982661
41,123goggles,1580982661
41,123surfboard,1580982661
87,123boardshorts,1580982662
87,123towel,1580982662
56,123towel,1580982663
56,123thongs,1580982663
56,123buckethat,1580982663
56,123beachseatforone,1580982663
56,123boardshorts,1580982664
31,123buckethat,1580982665
31,123thongs,1580982665
98,123beachseatforone,1580982666
98,123buckethat,1580982666
98,123surfboard,1580982666
47,123buckethat,1580982667
47,123boardshorts,1580982667
47,123surfboard,1580982667
55,123towel,1580982669
55,123sunscreen,1580982669
12,123boardshorts,1580982670
12,123towel,1580982670
9,123surfboard,1580982671
9,123thongs,1580982671
9,123sunscreen,1580982671
9,123boardshorts,1580982671
58,123buckethat,1580982673
58,123towel,1580982673
58,123surfboard,1580982673
15,123goggles,1580982674
15,123sunscreen,1580982674
15,123beachseatforone,1580982674
4,123goggles,1580982675
4,123surfboard,1580982675
4,123thongs,1580982675
4,123boardshorts,1580982676
4,123buckethat,1580982676
92,123surfboard,1580982677
92,123towel,1580982677
96,123towel,1580982678
96,123sunscreen,1580982678
96,123buckethat,1580982678
75,123buckethat,1580982680
75,123thongs,1580982680
30,123beachseatforone,1580982681
30,123buckethat,1580982681
20,123towel,1580982682
20,123beachseatforone,1580982682
20,123boardshorts,1580982682
20,123thongs,1580982682
9,123beachseatforone,1580982684
9,123towel,1580982684
9,123buckethat,1580982684
2,123surfboard,1580982685
2,123beachseatforone,1580982685
2,123buckethat,1580982685
2,123thongs,1580982685
62,123boardshorts,1580982686
62,123goggles,1580982686
5,123towel,1580982688
5,123buckethat,1580982688
77,123beachseatforone,1580982689
77,123boardshorts,1580982689
77,123buckethat,1580982689
77,123thongs,1580982689
77,123towel,1580982689
88,123thongs,1580982690
88,123buckethat,1580982690
88,123sunscreen,1580982690
88,123beachseatforone,1580982691
88,123towel,1580982691
75,123beachseatforone,1580982692
75,123surfboard,1580982692
75,123towel,1580982692
52,123towel,1580982693
52,123sunscreen,1580982693
52,123thongs,1580982693
92,123buckethat,1580982694
92,123surfboard,1580982695
92,123towel,1580982695
92,123sunscreen,1580982695
80,123boardshorts,1580982696
80,123beachseatforone,1580982696
80,123sunscreen,1580982696
42,123beachseatforone,1580982697
42,123surfboard,1580982697
42,123buckethat,1580982697
42,123towel,1580982697
37,123sunscreen,1580982699
37,123towel,1580982699
81,123boardshorts,1580982700
81,123buckethat,1580982700
81,123towel,1580982700
81,123goggles,1580982700
81,123thongs,1580982700
14,123sunscreen,1580982701
44,123surfboard,1580982703
44,123buckethat,1580982703
44,123sunscreen,1580982703
44,123thongs,1580982703
44,123goggles,1580982703
8,123boardshorts,1580982704
8,123thongs,1580982704
8,123surfboard,1580982704
8,123buckethat,1580982704
98,123buckethat,1580982706
98,123towel,1580982706
98,123sunscreen,1580982706
98,123beachseatforone,1580982706
75,123boardshorts,1580982707
75,123sunscreen,1580982707
75,123beachseatforone,1580982707
75,123surfboard,1580982707
33,123sunscreen,1580982708
33,123thongs,1580982708
33,123towel,1580982709
33,123buckethat,1580982709
33,123surfboard,1580982709
83,123boardshorts,1580982710
83,123beachseatforone,1580982710
80,123boardshorts,1580982711
80,123sunscreen,1580982711
80,123buckethat,1580982711
80,123towel,1580982711
80,123thongs,1580982712
45,123buckethat,1580982713
45,123surfboard,1580982713
45,123goggles,1580982713
45,123boardshorts,1580982713
36,123thongs,1580982714
36,123boardshorts,1580982715
36,123sunscreen,1580982715
36,123towel,1580982715
36,123buckethat,1580982715
88,123beachseatforone,1580982717
88,123buckethat,1580982717
88,123towel,1580982717
43,123beachseatforone,1580982718
7,123goggles,1580982719
7,123boardshorts,1580982719
1,123boardshorts,1580982721
1,123beachseatforone,1580982721
1,123goggles,1580982721
1,123buckethat,1580982721
1,123surfboard,1580982721
90,123towel,1580982722
90,123buckethat,1580982722
90,123surfboard,1580982722
90,123sunscreen,1580982722
16,123boardshorts,1580982723
16,123towel,1580982724
6,123surfboard,1580982725
6,123buckethat,1580982725
3,123buckethat,1580982726
3,123surfboard,1580982726
3,123sunscreen,1580982726
3,123goggles,1580982726
3,123beachseatforone,1580982726
3,123towel,1580982726
85,123buckethat,1580982728
85,123goggles,1580982728
85,123towel,1580982728
85,123sunscreen,1580982728
30,123boardshorts,1580982729
30,123goggles,1580982729
30,123beachseatforone,1580982729
30,123buckethat,1580982729
14,123beachseatforone,1580982731
14,123goggles,1580982731
14,123boardshorts,1580982731
14,123towel,1580982731
14,123sunscreen,1580982731
14,123thongs,1580982731
14,123buckethat,1580982731
1,123surfboard,1580982732
1,123beachseatforone,1580982732
66,123goggles,1580982734
27,123beachseatforone,1580982735
27,123towel,1580982735
27,123sunscreen,1580982735
74,123buckethat,1580982736
74,123boardshorts,1580982736
74,123goggles,1580982736
55,123boardshorts,1580982737
55,123buckethat,1580982737
55,123towel,1580982738
55,123goggles,1580982738
44,123surfboard,1580982739
44,123goggles,1580982739
44,123towel,1580982739
44,123boardshorts,1580982739
27,123boardshorts,1580982740
27,123sunscreen,1580982740
81,123sunscreen,1580982742
81,123buckethat,1580982742
81,123beachseatforone,1580982742
81,123surfboard,1580982742
30,123buckethat,1580982743
30,123goggles,1580982743
30,123surfboard,1580982743
30,123sunscreen,1580982743
30,123towel,1580982743
30,123thongs,1580982743
24,123beachseatforone,1580982745
24,123surfboard,1580982745
41,123buckethat,1580982746
41,123goggles,1580982746
2,123towel,1580982747
2,123buckethat,1580982747
2,123sunscreen,1580982747
64,123towel,1580982748
64,123surfboard,1580982749
64,123thongs,1580982749
43,123towel,1580982750
43,123thongs,1580982750
43,123surfboard,1580982750
43,123boardshorts,1580982750
23,123surfboard,1580982751
23,123sunscreen,1580982751
30,123beachseatforone,1580982753
30,123buckethat,1580982753
30,123sunscreen,1580982753
30,123towel,1580982753
30,123goggles,1580982753
54,123sunscreen,1580982754
54,123buckethat,1580982754
5,123towel,1580982755
5,123surfboard,1580982755
5,123beachseatforone,1580982755
21,123buckethat,1580982757
21,123surfboard,1580982757
21,123boardshorts,1580982757
21,123goggles,1580982757
36,123surfboard,1580982758
36,123sunscreen,1580982758
36,123buckethat,1580982758
36,123thongs,1580982758
96,123boardshorts,1580982759
96,123thongs,1580982760
96,123sunscreen,1580982760
94,123boardshorts,1580982761
94,123towel,1580982761
94,123buckethat,1580982761
41,123surfboard,1580982762
41,123boardshorts,1580982762
41,123sunscreen,1580982764
41,123towel,1580982764
41,123boardshorts,1580982764
81,123surfboard,1580982765
81,123beachseatforone,1580982765
81,123towel,1580982765
64,123boardshorts,1580982766
64,123beachseatforone,1580982766
64,123sunscreen,1580982766
64,123buckethat,1580982766
47,123sunscreen,1580982768
85,123beachseatforone,1580982769
85,123towel,1580982769
85,123thongs,1580982769
85,123surfboard,1580982769
2,123boardshorts,1580982770
2,123thongs,1580982770
2,123sunscreen,1580982770
2,123towel,1580982771
67,123beachseatforone,1580982772
67,123sunscreen,1580982772
67,123boardshorts,1580982772
0,123surfboard,1580982773
0,123towel,1580982773
0,123boardshorts,1580982773
0,123beachseatforone,1580982773
83,123towel,1580982775
83,123beachseatforone,1580982775
83,123boardshorts,1580982775
81,123surfboard,1580982776
81,123sunscreen,1580982777
81,123thongs,1580982777
69,123surfboard,1580982778
69,123boardshorts,1580982778
69,123buckethat,1580982778
45,123towel,1580982780
45,123beachseatforone,1580982780
67,123towel,1580982781
67,123boardshorts,1580982781
67,123sunscreen,1580982781
67,123goggles,1580982781
65,123towel,1580982782
65,123beachseatforone,1580982782
65,123buckethat,1580982782
36,123towel,1580982784
36,123surfboard,1580982784
36,123boardshorts,1580982784
42,123beachseatforone,1580982785
42,123sunscreen,1580982785
29,123surfboard,1580982786
29,123buckethat,1580982786
29,123boardshorts,1580982786
29,123beachseatforone,1580982787
46,123sunscreen,1580982788
46,123goggles,1580982788
41,123towel,1580982789
41,123beachseatforone,1580982789
49,123surfboard,1580982790
49,123sunscreen,1580982790
83,123surfboard,1580982792
83,123sunscreen,1580982792
83,123thongs,1580982792
83,123buckethat,1580982792
83,123beachseatforone,1580982792
83,123towel,1580982792
10,123towel,1580982793
10,123boardshorts,1580982793
66,123sunscreen,1580982795
66,123towel,1580982795
66,123boardshorts,1580982795
66,123buckethat,1580982795
26,123boardshorts,1580982796
26,123thongs,1580982796
32,123goggles,1580982797
32,123buckethat,1580982797
32,123boardshorts,1580982797
32,123sunscreen,1580982797
87,123boardshorts,1580982799
87,123sunscreen,1580982799
87,123surfboard,1580982799
53,123sunscreen,1580982800
53,123thongs,1580982800
53,123towel,1580982800
53,123beachseatforone,1580982800
71,123towel,1580982802
71,123thongs,1580982802
71,123goggles,1580982802
71,123boardshorts,1580982802
20,123boardshorts,1580982803
20,123sunscreen,1580982803
20,123towel,1580982803
20,123goggles,1580982803
20,123surfboard,1580982803
20,123beachseatforone,1580982803
12,123surfboard,1580982805
12,123sunscreen,1580982805
12,123boardshorts,1580982805
12,123thongs,1580982805
12,123beachseatforone,1580982805
8,123boardshorts,1580982806
8,123towel,1580982806
63,123towel,1580982807
63,123surfboard,1580982807
63,123buckethat,1580982808
22,123towel,1580982809
22,123surfboard,1580982809
22,123sunscreen,1580982809
22,123boardshorts,1580982809
46,123goggles,1580982810
46,123towel,1580982810
46,123beachseatforone,1580982810
46,123buckethat,1580982810
46,123surfboard,1580982811
46,123thongs,1580982811
85,123buckethat,1580982812
85,123towel,1580982812
85,123beachseatforone,1580982812
85,123boardshorts,1580982812
24,123surfboard,1580982813
5,123thongs,1580982814
5,123surfboard,1580982815
5,123beachseatforone,1580982815
5,123buckethat,1580982815
5,123boardshorts,1580982815
46,123boardshorts,1580982816
46,123sunscreen,1580982816
46,123thongs,1580982816
42,123goggles,1580982817
42,123beachseatforone,1580982818
42,123buckethat,1580982818
14,123sunscreen,1580982819
14,123boardshorts,1580982819
47,123boardshorts,1580982820
47,123towel,1580982820
47,123goggles,1580982820
47,123beachseatforone,1580982820
59,123sunscreen,1580982822
59,123buckethat,1580982822
59,123goggles,1580982822
59,123beachseatforone,1580982822
59,123thongs,1580982822
62,123buckethat,1580982823
62,123towel,1580982823
62,123beachseatforone,1580982823
62,123sunscreen,1580982823
34,123surfboard,1580982824
34,123goggles,1580982825
26,123boardshorts,1580982826
26,123buckethat,1580982826
57,123sunscreen,1580982827
57,123thongs,1580982827
57,123goggles,1580982827
57,123towel,1580982827
92,123surfboard,1580982828
92,123beachseatforone,1580982829
100,123buckethat,1580982830
100,123sunscreen,1580982830
24,123beachseatforone,1580982831
24,123sunscreen,1580982831
24,123boardshorts,1580982831
93,123surfboard,1580982832
93,123boardshorts,1580982832
5,123goggles,1580982834
5,123sunscreen,1580982834
5,123towel,1580982834
5,123boardshorts,1580982834
5,123beachseatforone,1580982834
86,123boardshorts,1580982835
86,123surfboard,1580982835
86,123goggles,1580982835
52,123boardshorts,1580982836
52,123sunscreen,1580982837
52,123beachseatforone,1580982837
52,123surfboard,1580982837
67,123buckethat,1580982838
67,123sunscreen,1580982838
67,123surfboard,1580982838
27,123sunscreen,1580982840
27,123boardshorts,1580982840
86,123towel,1580982841
82,123beachseatforone,1580982843
6,123buckethat,1580982844
6,123boardshorts,1580982844
6,123sunscreen,1580982844
6,123surfboard,1580982844
54,123boardshorts,1580982845
54,123thongs,1580982845
98,123buckethat,1580982846
98,123thongs,1580982847
98,123surfboard,1580982847
6,123goggles,1580982848
6,123beachseatforone,1580982848
6,123boardshorts,1580982848
6,123surfboard,1580982848
38,123goggles,1580982849
38,123buckethat,1580982849
38,123beachseatforone,1580982849
38,123sunscreen,1580982849
3,123surfboard,1580982851
3,123boardshorts,1580982851
56,123beachseatforone,1580982852
56,123buckethat,1580982852
56,123surfboard,1580982852
56,123boardshorts,1580982852
44,123beachseatforone,1580982853
44,123sunscreen,1580982853
44,123boardshorts,1580982854
3,123towel,1580982855
3,123boardshorts,1580982855
3,123surfboard,1580982855
74,123towel,1580982856
74,123beachseatforone,1580982856
74,123sunscreen,1580982856
74,123boardshorts,1580982856
80,123buckethat,1580982858
80,123surfboard,1580982858
80,123goggles,1580982858
80,123boardshorts,1580982858
75,123boardshorts,1580982859
75,123towel,1580982859
75,123sunscreen,1580982859
75,123beachseatforone,1580982859
75,123buckethat,1580982859
98,123boardshorts,1580982860
98,123thongs,1580982860
98,123buckethat,1580982861
98,123surfboard,1580982861
36,123boardshorts,1580982862
36,123sunscreen,1580982862
36,123beachseatforone,1580982862
36,123surfboard,1580982862
60,123beachseatforone,1580982863
60,123sunscreen,1580982863
60,123buckethat,1580982863
84,123boardshorts,1580982865
84,123sunscreen,1580982865
84,123towel,1580982865
84,123beachseatforone,1580982865
76,123surfboard,1580982866
76,123towel,1580982866
76,123buckethat,1580982866
3,123thongs,1580982867
3,123buckethat,1580982867
12,123buckethat,1580982869
12,123thongs,1580982869
12,123sunscreen,1580982869
12,123surfboard,1580982869
12,123boardshorts,1580982869
86,123boardshorts,1580982870
86,123towel,1580982870
86,123sunscreen,1580982870
86,123surfboard,1580982870
86,123beachseatforone,1580982870
57,123thongs,1580982872
57,123boardshorts,1580982872
57,123buckethat,1580982872
57,123sunscreen,1580982872
10,123buckethat,1580982873
10,123sunscreen,1580982873
10,123boardshorts,1580982873
10,123thongs,1580982873
10,123surfboard,1580982873
54,123buckethat,1580982875
54,123towel,1580982875
54,123thongs,1580982875
54,123boardshorts,1580982875
54,123sunscreen,1580982875
54,123surfboard,1580982875
50,123boardshorts,1580982876
50,123beachseatforone,1580982876
71,123surfboard,1580982877
71,123beachseatforone,1580982878
71,123boardshorts,1580982878
71,123sunscreen,1580982878
91,123towel,1580982879
91,123sunscreen,1580982879
91,123boardshorts,1580982879
91,123surfboard,1580982879
26,123surfboard,1580982880
26,123towel,1580982881
26,123sunscreen,1580982882
26,123boardshorts,1580982883
26,123surfboard,1580982884
100,123towel,1580982885
100,123sunscreen,1580982886
100,123boardshorts,1580982887
100,123surfboard,1580982888